word1,word2,label1,label2,sim_value
sun,sunlight,n,n,50.0
automobile,car,n,n,50.0
river,water,n,n,49.0
stair,staircase,n,n,49.0
morning,sunrise,n,n,49.0
rain,storm,n,n,49.0
cat,kitten,n,n,49.0
dance,dancer,n,n,49.0
camera,photography,n,n,49.0
cat,feline,n,j,48.0
sunny,sunshine,j,n,48.0
pregnancy,pregnant,n,j,48.0
beach,sand,n,n,48.0
bakery,bread,n,n,48.0
flower,garden,n,n,48.0
grass,lawn,n,n,48.0
copper,metal,n,n,48.0
photo,photography,n,n,47.0
cemetery,graveyard,n,n,47.0
gravestone,graveyard,n,n,47.0
sun,sunshine,n,n,47.0
black,dark,j,j,47.0
cathedral,church,n,n,47.0
frozen,ice,j,n,47.0
station,subway,n,n,47.0
child,kid,n,n,46.0
aquarium,fish,n,n,46.0
light,lighting,n,n,46.0
fungus,mushroom,n,n,46.0
frost,snow,n,n,46.0
burn,flame,v,n,46.0
ocean,sea,n,n,46.0
candy,chocolate,n,n,46.0
car,vehicle,n,n,46.0
concert,music,n,n,46.0
photo,picture,n,n,46.0
grape,wine,n,n,46.0
bath,bathroom,n,n,46.0
bud,flower,n,n,46.0
cat,kitty,n,n,46.0
ocean,water,n,n,46.0
aircraft,airplane,n,n,46.0
butterfly,caterpillar,n,n,46.0
hair,wig,n,n,46.0
blossom,bud,n,n,46.0
highway,road,n,n,46.0
bunny,rabbit,n,n,46.0
bread,sandwich,n,n,46.0
mist,misty,n,j,46.0
flower,petal,n,n,46.0
airplane,flight,n,n,46.0
fish,fishing,n,n,46.0
ice,snow,n,n,46.0
bright,sun,j,n,45.0
shade,tree,n,n,45.0
bicycle,bike,n,n,45.0
truck,vehicle,n,n,45.0
shore,water,n,n,45.0
boat,fishing,n,n,45.0
dog,puppy,n,n,45.0
bride,wedding,n,n,45.0
bird,hummingbird,n,n,45.0
sea,water,n,n,45.0
cow,milk,n,n,45.0
bird,feather,n,n,45.0
skate,skating,n,n,45.0
chapel,church,n,n,45.0
branch,twig,n,n,45.0
concert,musician,n,n,45.0
clothes,dress,n,n,45.0
automobile,vehicle,n,n,45.0
splash,swimming,n,n,45.0
bed,furniture,n,n,45.0
aircraft,flight,n,n,45.0
reptile,snake,n,n,45.0
motorcycle,scooter,n,n,45.0
coffee,tea,n,n,45.0
feather,goose,n,n,45.0
pool,swimming,n,n,45.0
eye,face,n,n,45.0
dirt,dirty,n,j,45.0
railway,train,n,n,45.0
harbour,port,n,n,45.0
fruit,strawberry,n,n,45.0
flight,plane,n,n,45.0
smoke,smoking,n,n,45.0
ivy,plant,n,n,45.0
river,stream,n,n,45.0
lake,water,n,n,45.0
kitten,kitty,n,n,45.0
snow,snowman,n,n,45.0
dog,terrier,n,n,45.0
daffodil,flower,n,n,45.0
pond,water,n,n,45.0
show,television,n,n,44.0
handwriting,write,n,v,44.0
flood,water,n,n,44.0
jazz,musician,n,n,44.0
eagle,feather,n,n,44.0
grape,vine,n,n,44.0
bird,hawk,n,n,44.0
clothes,outfit,n,n,44.0
exhibition,museum,n,n,44.0
hand,palm,n,n,44.0
grave,graveyard,n,n,44.0
berry,strawberry,n,n,44.0
forest,oak,n,n,44.0
crochet,knit,n,v,44.0
bird,eagle,n,n,44.0
canine,puppy,j,n,44.0
bar,cocktail,n,n,44.0
bar,pub,n,n,44.0
sunlight,sunshine,n,n,44.0
apple,fruit,n,n,44.0
sun,sunrise,n,n,44.0
gymnastics,sport,n,n,44.0
sailing,ship,n,n,44.0
beach,sea,n,n,44.0
game,hockey,n,n,44.0
bed,pillow,n,n,44.0
daffodil,tulip,n,n,44.0
flower,plant,n,n,44.0
fire,smoke,n,n,44.0
canine,dog,j,n,44.0
bracelet,jewelry,n,n,44.0
feline,kitty,j,n,44.0
architecture,building,n,n,44.0
shop,shopping,n,n,44.0
highway,traffic,n,n,44.0
lizard,reptile,n,n,44.0
music,piano,n,n,44.0
strawberry,sweet,n,j,44.0
snow,winter,n,n,44.0
autumn,spring,n,n,44.0
bacon,meat,n,n,44.0
raspberry,strawberry,n,n,44.0
chipmunk,squirrel,n,n,44.0
coast,harbor,n,n,44.0
dress,skirt,n,n,44.0
sun,sunny,n,j,44.0
lily,tulip,n,n,44.0
grave,gravestone,n,n,44.0
bright,sunny,j,j,44.0
dandelion,plant,n,n,44.0
light,sunlight,n,n,44.0
hill,mountain,n,n,43.0
burger,food,n,n,43.0
sea,shore,n,n,43.0
feather,peacock,n,n,43.0
child,mother,n,n,43.0
night,sunset,n,n,43.0
orange,peel,j,n,43.0
subway,train,n,n,43.0
camera,lens,n,n,43.0
daisy,petal,n,n,43.0
aircraft,wing,n,n,43.0
bloom,flower,n,n,43.0
clothes,jacket,n,n,43.0
dinner,restaurant,n,n,43.0
swim,swimming,v,n,43.0
cemetery,gravestone,n,n,43.0
cigarette,smoke,n,n,43.0
shirt,skirt,n,n,43.0
baby,pregnant,n,j,43.0
cherry,fruit,n,n,43.0
beef,meat,n,n,43.0
blossom,daffodil,n,n,43.0
bloom,blossom,n,n,43.0
maple,oak,n,n,43.0
frost,winter,n,n,43.0
colour,pink,n,j,43.0
dog,poodle,n,n,43.0
lantern,light,n,n,43.0
coast,sea,n,n,43.0
tunnel,underground,n,j,43.0
dog,pet,n,n,43.0
hair,haircut,n,n,43.0
day,sunset,n,n,43.0
bikini,swimsuit,n,n,43.0
rail,railway,n,n,43.0
art,museum,n,n,43.0
painting,portrait,n,n,43.0
dress,wedding,n,n,43.0
poodle,puppy,n,n,43.0
port,ship,n,n,43.0
bloom,tulip,n,n,43.0
cold,winter,j,n,43.0
bakery,cake,n,n,43.0
building,roof,n,n,43.0
iron,steel,n,n,43.0
bird,stork,n,n,43.0
lily,plant,n,n,43.0
eat,food,v,n,43.0
bathroom,kitchen,n,n,43.0
jazz,music,n,n,43.0
fabric,wool,n,n,43.0
aquarium,tank,n,n,43.0
fire,flame,n,n,43.0
bloom,rose,n,n,43.0
leaf,nature,n,n,43.0
town,village,n,n,43.0
apple,orange,n,j,43.0
dawn,sunrise,n,n,43.0
engine,gasoline,n,n,43.0
oak,tree,n,n,43.0
guitar,piano,n,n,43.0
chocolate,dessert,n,n,43.0
cat,paw,n,n,43.0
bird,goose,n,n,43.0
blue,sky,j,n,43.0
pool,swim,n,v,43.0
bracelet,necklace,n,n,42.0
fruit,salad,n,n,42.0
egg,nest,n,n,42.0
boat,sailing,n,n,42.0
bird,crow,n,n,42.0
bird,flamingo,n,n,42.0
day,sunshine,n,n,42.0
hockey,sport,n,n,42.0
burger,eat,n,v,42.0
fruit,raspberry,n,n,42.0
lunch,sandwich,n,n,42.0
foot,toe,n,n,42.0
baby,mother,n,n,42.0
amphibian,frog,n,n,42.0
burn,fire,v,n,42.0
hockey,ice,n,n,42.0
cold,frozen,j,j,42.0
oak,wood,n,n,42.0
photographer,photography,n,n,42.0
man,woman,n,n,42.0
hair,redhead,n,n,42.0
harbor,port,n,n,42.0
pug,puppy,n,n,42.0
sunrise,sunset,n,n,42.0
leather,shoe,n,n,42.0
beach,shore,n,n,42.0
color,red,n,j,42.0
paint,painting,v,n,42.0
storm,wind,n,n,42.0
color,violet,n,n,42.0
rain,wet,n,j,42.0
diner,eat,n,v,42.0
bed,bedroom,n,n,42.0
guitar,musician,n,n,42.0
petal,rose,n,n,42.0
rail,subway,n,n,42.0
holiday,vacation,n,n,42.0
bed,sleep,n,v,42.0
cigarette,smoking,n,n,42.0
airplane,plane,n,n,42.0
daffodil,plant,n,n,42.0
diner,kitchen,n,n,42.0
coin,silver,n,n,42.0
cake,chocolate,n,n,42.0
evening,night,n,n,42.0
race,racing,n,n,42.0
flight,fly,n,v,42.0
face,lip,n,n,42.0
berry,raspberry,n,n,42.0
lamp,light,n,n,42.0
bird,nest,n,n,42.0
mother,pregnant,n,j,42.0
animal,pet,n,n,42.0
butterfly,insect,n,n,42.0
sky,sunrise,n,n,42.0
canine,husky,j,n,42.0
food,meat,n,n,42.0
cloud,sky,n,n,42.0
crow,feather,n,n,42.0
blossom,flower,n,n,42.0
splash,swim,n,v,42.0
band,musician,n,n,42.0
cactus,plant,n,n,42.0
eagle,hawk,n,n,42.0
harbour,sea,n,n,42.0
flower,foliage,n,n,42.0
red,violet,j,n,42.0
music,sing,n,v,42.0
breakfast,morning,n,n,42.0
cafe,restaurant,n,n,42.0
beach,coast,n,n,42.0
puddle,splash,n,n,42.0
bird,pelican,n,n,42.0
clothes,sock,n,n,42.0
amphibian,lizard,n,n,41.0
daughter,son,n,n,41.0
car,motor,n,n,41.0
amphibian,reptile,n,n,41.0
day,morning,n,n,41.0
aircraft,fly,n,v,41.0
airplane,airport,n,n,41.0
metro,train,n,n,41.0
band,music,n,n,41.0
shadow,sunlight,n,n,41.0
night,sleep,n,v,41.0
salad,soup,n,n,41.0
porch,roof,n,n,41.0
eye,tear,n,n,41.0
colour,rainbow,n,n,41.0
berry,fruit,n,n,41.0
red,yellow,j,j,41.0
sock,stocking,n,n,41.0
flamingo,hummingbird,n,n,41.0
tree,twig,n,n,41.0
kiss,lip,n,n,41.0
burger,sandwich,n,n,41.0
pregnant,woman,j,n,41.0
rain,weather,n,n,41.0
dinner,eat,n,v,41.0
feather,hawk,n,n,41.0
animal,zoo,n,n,41.0
duck,mallard,n,n,41.0
mountain,valley,n,n,41.0
beach,harbour,n,n,41.0
musician,rock,n,n,41.0
band,guitar,n,n,41.0
car,garage,n,n,41.0
foot,leg,n,n,41.0
sky,sunlight,n,n,41.0
mist,rain,n,n,41.0
mother,son,n,n,41.0
airplane,wing,n,n,41.0
colour,red,n,j,41.0
music,musician,n,n,41.0
bay,beach,n,n,41.0
blonde,redhead,j,n,41.0
petal,plant,n,n,41.0
kitchen,room,n,n,41.0
lingerie,sexy,n,j,41.0
automobile,parking,n,n,41.0
bar,restaurant,n,n,41.0
bedroom,room,n,n,41.0
bus,taxi,n,n,41.0
fun,happy,n,j,41.0
station,train,n,n,41.0
pelican,stork,n,n,41.0
black,grey,j,j,41.0
orange,yellow,j,j,41.0
foliage,petal,n,n,41.0
park,parking,n,n,41.0
lip,tongue,n,n,41.0
fog,misty,n,j,41.0
canine,poodle,j,n,41.0
bath,wash,n,v,41.0
foliage,tree,n,n,41.0
panorama,view,n,n,41.0
bloom,daisy,n,n,41.0
escalator,stair,n,n,41.0
petal,tulip,n,n,41.0
fishing,sea,n,n,41.0
beef,cattle,n,n,41.0
noodle,rice,n,n,41.0
bird,parrot,n,n,41.0
fruit,orange,n,j,41.0
mural,painting,n,n,41.0
airport,flight,n,n,41.0
shopping,store,n,n,41.0
summer,sunny,n,j,41.0
road,sidewalk,n,n,41.0
airplane,fly,n,v,41.0
guitar,music,n,n,40.0
cat,whisker,n,n,40.0
family,friend,n,n,40.0
bloom,petal,n,n,40.0
musician,piano,n,n,40.0
dirty,wash,j,v,40.0
elephant,giraffe,n,n,40.0
puppy,terrier,n,n,40.0
breakfast,kitchen,n,n,40.0
subway,underground,n,j,40.0
sand,shore,n,n,40.0
butterfly,dragonfly,n,n,40.0
cheetah,lion,n,n,40.0
color,yellow,n,j,40.0
door,lock,n,v,40.0
bright,sunlight,j,n,40.0
van,vehicle,n,n,40.0
orange,red,j,j,40.0
beetle,insect,n,n,40.0
kid,mom,n,n,40.0
daughter,mother,n,n,40.0
child,school,n,n,40.0
giraffe,zebra,n,n,40.0
harbor,harbour,n,n,40.0
lamb,sheep,n,n,40.0
heart,love,n,n,40.0
lily,rose,n,n,40.0
asphalt,road,n,n,40.0
morning,sunny,n,j,40.0
coast,shore,n,n,40.0
sunny,sunset,j,n,40.0
nest,twig,n,n,40.0
happy,smile,j,n,40.0
figure,skating,n,n,40.0
rail,train,n,n,40.0
door,wall,n,n,40.0
dawn,sun,n,n,40.0
feather,stork,n,n,40.0
morning,sunshine,n,n,40.0
building,construction,n,n,40.0
cafe,coffee,n,n,40.0
bloom,bud,n,n,40.0
jacket,leather,n,n,40.0
map,travel,n,n,40.0
plant,seed,n,n,40.0
city,metro,n,n,40.0
pebble,sand,n,n,40.0
cafe,lunch,n,n,40.0
coast,harbour,n,n,40.0
dog,pug,n,n,40.0
sky,sun,n,n,40.0
mallard,swan,n,n,40.0
cloud,rain,n,n,40.0
sky,sunshine,n,n,40.0
frost,weather,n,n,40.0
cherry,raspberry,n,n,40.0
downtown,street,j,n,40.0
bloom,dandelion,n,n,40.0
dragonfly,insect,n,n,40.0
bottle,wine,n,n,40.0
feel,happy,v,j,40.0
railway,station,n,n,40.0
beach,swimming,n,n,40.0
cafe,diner,n,n,40.0
cafe,pub,n,n,40.0
building,tall,n,j,40.0
burger,meat,n,n,40.0
gold,silver,n,n,40.0
summer,weather,n,n,40.0
military,soldier,j,n,40.0
cemetery,grave,n,n,40.0
pizza,restaurant,n,n,39.0
bright,colour,j,n,39.0
canine,paw,j,n,39.0
swim,underwater,v,j,39.0
sea,swim,n,v,39.0
pub,restaurant,n,n,39.0
day,time,n,n,39.0
canine,terrier,j,n,39.0
bottle,glass,n,n,39.0
bed,relax,n,v,39.0
seed,sunflower,n,n,39.0
bird,owl,n,n,39.0
art,sculpture,n,n,39.0
light,shade,n,n,39.0
apartment,staircase,n,n,39.0
outfit,sock,n,n,39.0
carrot,potato,n,n,39.0
lizard,snake,n,n,39.0
city,sidewalk,n,n,39.0
guitar,rock,n,n,39.0
brick,building,n,n,39.0
eat,soup,v,n,39.0
dew,misty,n,j,39.0
blue,colour,j,n,39.0
dawn,morning,n,n,39.0
cooking,restaurant,n,n,39.0
bay,sea,n,n,39.0
cafe,shop,n,n,39.0
floor,roof,n,n,39.0
clothes,hat,n,n,39.0
marble,stone,n,n,39.0
duck,goose,n,n,39.0
collection,museum,n,n,39.0
happy,love,j,n,39.0
bakery,shop,n,n,39.0
mist,wet,n,j,39.0
blossom,petal,n,n,39.0
bright,light,j,n,39.0
rice,sushi,n,n,39.0
cooking,meat,n,n,39.0
day,night,n,n,39.0
kiss,love,n,n,39.0
stream,waterfall,n,n,39.0
interior,room,n,n,39.0
surf,surfer,n,n,39.0
poodle,terrier,n,n,39.0
cold,frost,j,n,39.0
city,town,n,n,39.0
ocean,underwater,n,j,39.0
harbor,sailing,n,n,39.0
scenery,sunset,n,n,39.0
green,violet,j,n,39.0
harbor,ship,n,n,39.0
summer,sunshine,n,n,39.0
blue,grey,j,j,39.0
art,graphic,n,j,39.0
lake,shore,n,n,39.0
rust,rusty,n,j,39.0
architecture,design,n,n,39.0
goose,swan,n,n,39.0
architecture,construction,n,n,39.0
hawk,nest,n,n,39.0
carrot,salad,n,n,39.0
fruit,tomato,n,n,39.0
purple,violet,j,n,39.0
misty,rain,j,n,39.0
clothes,jean,n,n,39.0
bloom,daffodil,n,n,39.0
brick,construction,n,n,39.0
diner,restaurant,n,n,39.0
ceiling,roof,n,n,39.0
paint,portrait,v,n,39.0
ripple,wave,n,n,39.0
beard,face,n,n,39.0
apple,raspberry,n,n,39.0
fashion,outfit,n,n,39.0
downtown,skyscraper,j,n,39.0
bud,daffodil,n,n,39.0
harbor,shore,n,n,39.0
blonde,hair,j,n,39.0
kitten,paw,n,n,39.0
bay,shore,n,n,39.0
shop,store,n,n,39.0
gravestone,memorial,n,n,38.0
canine,pug,j,n,38.0
crow,hawk,n,n,38.0
dress,outfit,n,n,38.0
city,urban,n,j,38.0
bedroom,door,n,n,38.0
bus,tram,n,n,38.0
spring,summer,n,n,38.0
scenery,waterfall,n,n,38.0
road,traffic,n,n,38.0
hill,valley,n,n,38.0
ceiling,floor,n,n,38.0
splash,water,n,n,38.0
grass,weed,n,n,38.0
sunny,weather,j,n,38.0
parrot,wing,n,n,38.0
daisy,violet,n,n,38.0
copper,silver,n,n,38.0
baseball,hockey,n,n,38.0
pet,poodle,n,n,38.0
blossom,foliage,n,n,38.0
pink,purple,j,j,38.0
grey,shade,j,n,38.0
panorama,scenery,n,n,38.0
downtown,metro,j,n,38.0
beard,hair,n,n,38.0
dandelion,petal,n,n,38.0
blue,violet,j,n,38.0
daisy,flower,n,n,38.0
noodle,soup,n,n,38.0
pet,puppy,n,n,38.0
bud,petal,n,n,38.0
ancient,ruin,j,n,38.0
eye,iris,n,n,38.0
puddle,water,n,n,38.0
harbor,sea,n,n,38.0
painting,sculpture,n,n,38.0
sand,sea,n,n,38.0
feline,kitten,j,n,38.0
bird,swan,n,n,38.0
baseball,game,n,n,38.0
colour,purple,n,j,38.0
pool,splash,n,n,38.0
cattle,sheep,n,n,38.0
landscape,scenery,n,n,38.0
coin,gold,n,n,38.0
boat,shore,n,n,38.0
skyscraper,tall,n,j,38.0
apple,cherry,n,n,38.0
beef,chicken,n,n,38.0
hot,sunny,j,j,38.0
dessert,fruit,n,n,38.0
photographer,portrait,n,n,38.0
chicken,meat,n,n,38.0
ceiling,interior,n,n,38.0
bathroom,bedroom,n,n,38.0
hummingbird,stork,n,n,38.0
motor,vehicle,n,n,38.0
colour,grey,n,j,38.0
blue,orange,j,j,38.0
dawn,dusk,n,n,38.0
building,downtown,n,j,38.0
face,tear,n,n,38.0
boat,harbour,n,n,38.0
cattle,farm,n,n,38.0
drip,wet,v,j,38.0
brown,green,j,j,38.0
bedroom,ceiling,n,n,38.0
bread,eat,n,v,38.0
dinner,evening,n,n,38.0
face,smile,n,n,38.0
bride,dress,n,n,38.0
stone,wall,n,n,38.0
mural,paint,n,v,38.0
foliage,plant,n,n,38.0
day,dusk,n,n,38.0
roof,wall,n,n,38.0
cooking,food,n,n,38.0
photography,portrait,n,n,38.0
bud,foliage,n,n,38.0
lily,pond,n,n,37.0
harbour,shore,n,n,37.0
palm,tree,n,n,37.0
bus,subway,n,n,37.0
holiday,travel,n,n,37.0
skyline,view,n,n,37.0
bedroom,cottage,n,n,37.0
dinner,lunch,n,n,37.0
grave,memorial,n,n,37.0
dessert,sweet,n,j,37.0
bird,insect,n,n,37.0
concert,rock,n,n,37.0
mushroom,tomato,n,n,37.0
metro,railway,n,n,37.0
giraffe,zoo,n,n,37.0
railway,subway,n,n,37.0
misty,weather,j,n,37.0
parrot,pelican,n,n,37.0
bedroom,sleep,n,v,37.0
autumn,summer,n,n,37.0
automobile,truck,n,n,37.0
amphibian,mammal,n,n,37.0
cemetery,memorial,n,n,37.0
orange,purple,j,j,37.0
blue,color,j,n,37.0
daffodil,rose,n,n,37.0
berry,seed,n,n,37.0
hummingbird,mallard,n,n,37.0
dandelion,grass,n,n,37.0
brick,concrete,n,j,37.0
costume,dress,n,n,37.0
cloud,mist,n,n,37.0
sea,tropical,n,j,37.0
brown,grey,j,j,37.0
bathroom,room,n,n,37.0
daisy,plant,n,n,37.0
paint,picture,v,n,37.0
eye,lip,n,n,37.0
autumn,winter,n,n,37.0
drip,rain,v,n,37.0
horizon,sky,n,n,37.0
black,blue,j,j,37.0
metro,station,n,n,37.0
alley,street,n,n,37.0
child,family,n,n,37.0
mountain,scenery,n,n,37.0
concrete,construction,j,n,37.0
mill,windmill,n,n,37.0
summer,winter,n,n,37.0
plant,twig,n,n,37.0
breakfast,lunch,n,n,37.0
concrete,floor,j,n,37.0
rain,sky,n,n,37.0
food,frozen,n,j,37.0
moss,plant,n,n,37.0
flower,spring,n,n,37.0
bird,mallard,n,n,37.0
graphic,illustration,j,n,37.0
eat,fruit,v,n,37.0
ceiling,porch,n,n,37.0
river,valley,n,n,37.0
fog,mist,n,n,37.0
dude,guy,n,n,37.0
moon,sky,n,n,37.0
bar,sushi,n,n,37.0
beauty,scenery,n,n,37.0
feather,mallard,n,n,37.0
furniture,patio,n,n,37.0
light,shadow,n,n,37.0
bay,harbour,n,n,37.0
wash,water,v,n,37.0
flight,owl,n,n,37.0
paw,whisker,n,n,37.0
costume,wig,n,n,37.0
animal,giraffe,n,n,37.0
autumn,foliage,n,n,37.0
animal,cattle,n,n,37.0
building,skyscraper,n,n,37.0
ice,skating,n,n,37.0
meat,potato,n,n,37.0
bud,twig,n,n,37.0
knit,stitch,v,n,37.0
hot,sunshine,j,n,37.0
bed,room,n,n,37.0
music,rock,n,n,37.0
cooking,rice,n,n,37.0
berry,cherry,n,n,37.0
piano,play,n,v,37.0
flower,lily,n,n,37.0
cherry,strawberry,n,n,37.0
clothes,skirt,n,n,37.0
art,painting,n,n,37.0
bird,gull,n,n,37.0
spiral,staircase,n,n,37.0
paw,pet,n,n,37.0
feather,nest,n,n,37.0
feather,owl,n,n,37.0
blossom,cherry,n,n,37.0
goat,sheep,n,n,37.0
green,pink,j,j,37.0
foliage,garden,n,n,37.0
dog,husky,n,n,37.0
feather,hummingbird,n,n,37.0
sunshine,weather,n,n,37.0
snow,weather,n,n,37.0
surfer,wave,n,n,37.0
breakfast,dinner,n,n,37.0
shoe,toe,n,n,37.0
band,play,n,v,37.0
coffee,mug,n,n,37.0
brick,wall,n,n,37.0
fishing,sailing,n,n,37.0
grey,white,j,j,37.0
orange,strawberry,j,n,37.0
color,purple,n,j,37.0
blossom,daisy,n,n,37.0
hawk,owl,n,n,37.0
exhibition,photography,n,n,37.0
morning,night,n,n,37.0
band,concert,n,n,37.0
dress,shirt,n,n,37.0
river,waterfall,n,n,37.0
ceramic,tile,j,n,36.0
cloud,droplet,n,n,36.0
exhibition,sculpture,n,n,36.0
oak,twig,n,n,36.0
movie,television,n,n,36.0
butterfly,hummingbird,n,n,36.0
daisy,grass,n,n,36.0
floor,marble,n,n,36.0
canyon,river,n,n,36.0
decoration,interior,n,n,36.0
flamingo,stork,n,n,36.0
bear,mother,v,n,36.0
moon,sun,n,n,36.0
musician,sing,n,v,36.0
green,red,j,j,36.0
purple,white,j,j,36.0
canine,pet,j,n,36.0
morning,sleep,n,v,36.0
weather,winter,n,n,36.0
sky,sunny,n,j,36.0
jacket,sock,n,n,36.0
blue,red,j,j,36.0
green,grey,j,j,36.0
lily,petal,n,n,36.0
blue,purple,j,j,36.0
goose,mallard,n,n,36.0
hotel,restaurant,n,n,36.0
downtown,urban,j,j,36.0
jean,skirt,n,n,36.0
guy,people,n,n,36.0
birthday,happy,n,j,36.0
chicken,soup,n,n,36.0
fly,wing,v,n,36.0
door,room,n,n,36.0
skyline,skyscraper,n,n,36.0
cheetah,giraffe,n,n,36.0
feline,pet,j,n,36.0
car,parking,n,n,36.0
gull,mallard,n,n,36.0
spring,winter,n,n,36.0
daffodil,spring,n,n,36.0
building,skyline,n,n,36.0
salad,tomato,n,n,36.0
book,write,n,v,36.0
bucket,water,n,n,36.0
lady,sexy,n,j,36.0
ceiling,room,n,n,36.0
puddle,rain,n,n,36.0
costume,outfit,n,n,36.0
hill,scenery,n,n,36.0
bacon,chicken,n,n,36.0
dawn,night,n,n,36.0
cocktail,restaurant,n,n,36.0
daffodil,petal,n,n,36.0
canyon,valley,n,n,36.0
brick,house,n,n,36.0
band,rock,n,n,36.0
book,illustration,n,n,36.0
desk,sit,n,v,36.0
bright,sky,j,n,36.0
autumn,sunny,n,j,36.0
colour,yellow,n,j,36.0
cold,weather,j,n,36.0
blue,green,j,j,36.0
glitter,sunlight,v,n,36.0
drip,water,v,n,36.0
day,misty,n,j,36.0
food,noodle,n,n,36.0
goat,milk,n,n,36.0
pink,yellow,j,j,36.0
floor,interior,n,n,36.0
black,purple,j,j,36.0
door,window,n,n,36.0
city,skyline,n,n,36.0
bear,live,v,v,35.0
art,work,n,n,35.0
pink,violet,j,n,35.0
bath,room,n,n,35.0
dew,rain,n,n,35.0
boy,girl,n,n,35.0
canyon,mountain,n,n,35.0
white,yellow,j,j,35.0
colour,shade,n,n,35.0
banana,cherry,n,n,35.0
mammal,rodent,n,n,35.0
explosion,fire,n,n,35.0
shore,swim,n,v,35.0
cloud,misty,n,j,35.0
sit,stand,v,v,35.0
glitter,gold,v,n,35.0
black,white,j,j,35.0
light,neon,n,n,35.0
machine,wash,n,v,35.0
coffee,dinner,n,n,35.0
feather,flamingo,n,n,35.0
downtown,sidewalk,j,n,35.0
cooking,eat,n,v,35.0
feline,paw,j,n,35.0
crow,gull,n,n,35.0
festival,music,n,n,35.0
dirt,road,n,n,35.0
gull,pelican,n,n,35.0
carrot,tomato,n,n,35.0
blossom,tree,n,n,35.0
restaurant,shop,n,n,35.0
cherry,grape,n,n,35.0
automobile,racing,n,n,35.0
jazz,piano,n,n,35.0
hawk,pelican,n,n,35.0
baseball,play,n,v,35.0
bloom,plant,n,n,35.0
ceiling,wall,n,n,35.0
beef,potato,n,n,35.0
breakfast,restaurant,n,n,35.0
black,colour,j,n,35.0
bright,glitter,j,v,35.0
hummingbird,nest,n,n,35.0
feline,whisker,j,n,35.0
beach,holiday,n,n,35.0
sailing,shore,n,n,35.0
design,graphic,n,j,35.0
music,track,n,n,35.0
air,cold,n,j,35.0
dessert,eat,n,v,35.0
chocolate,strawberry,n,n,35.0
dinner,night,n,n,35.0
dusk,sunrise,n,n,35.0
boat,sink,n,v,35.0
beef,cooking,n,n,35.0
jacket,jean,n,n,35.0
computer,lab,n,n,35.0
downtown,skyline,j,n,35.0
fun,game,n,n,35.0
ivy,tree,n,n,35.0
nest,wasp,n,n,35.0
garden,pumpkin,n,n,35.0
curl,haircut,v,n,35.0
eat,meat,v,n,35.0
outfit,skirt,n,n,35.0
bacon,beef,n,n,35.0
skyscraper,tower,n,n,35.0
splash,wash,n,v,35.0
daffodil,foliage,n,n,34.0
garden,patio,n,n,34.0
metro,subway,n,n,34.0
beach,scenery,n,n,34.0
photographer,wedding,n,n,34.0
floor,room,n,n,34.0
purple,yellow,j,j,34.0
guitar,sing,n,v,34.0
petal,yellow,n,j,34.0
bead,necklace,n,n,34.0
black,brown,j,j,34.0
dessert,strawberry,n,n,34.0
beef,lamb,n,n,34.0
bread,potato,n,n,34.0
fishing,harbour,n,n,34.0
pug,terrier,n,n,34.0
evening,time,n,n,34.0
office,table,n,n,34.0
cat,lick,n,v,34.0
building,interior,n,n,34.0
crochet,stitch,n,n,34.0
spring,sunshine,n,n,34.0
concert,jazz,n,n,34.0
cooking,soup,n,n,34.0
shade,sun,n,n,34.0
tall,tower,j,n,34.0
pepper,salad,n,n,34.0
strawberry,tomato,n,n,34.0
fruit,peel,n,n,34.0
scenery,skyline,n,n,34.0
green,yellow,j,j,34.0
brown,orange,j,j,34.0
colour,orange,n,j,34.0
harbour,ship,n,n,34.0
violet,yellow,n,j,34.0
sport,swimming,n,n,34.0
friend,happy,n,j,34.0
blue,pink,j,j,34.0
blossom,orange,n,j,34.0
rail,station,n,n,34.0
potato,salad,n,n,34.0
interior,wall,n,n,34.0
hawk,hummingbird,n,n,34.0
cliff,coast,n,n,34.0
feather,wing,n,n,34.0
brown,yellow,j,j,34.0
raspberry,sweet,n,j,34.0
concert,sing,n,v,34.0
art,craft,n,n,34.0
bloom,foliage,n,n,34.0
chicken,rice,n,n,34.0
cherry,orange,n,j,34.0
blossom,fruit,n,n,34.0
animal,wild,n,j,34.0
line,railway,n,n,34.0
roof,tile,n,n,34.0
concert,piano,n,n,34.0
potato,rice,n,n,34.0
cloud,sunshine,n,n,34.0
marble,statue,n,n,34.0
frozen,meat,j,n,34.0
band,punk,n,n,34.0
insect,reptile,n,n,34.0
building,staircase,n,n,34.0
bed,breakfast,n,n,34.0
bloom,lily,n,n,34.0
blonde,girl,j,n,34.0
jean,outfit,n,n,34.0
bread,cooking,n,n,34.0
flower,violet,n,n,34.0
peel,skin,n,n,34.0
dessert,diner,n,n,34.0
art,exhibition,n,n,34.0
jacket,shirt,n,n,34.0
brown,purple,j,j,34.0
floor,patio,n,n,34.0
downtown,highway,j,n,34.0
purple,red,j,j,34.0
dragonfly,frog,n,n,33.0
mammal,monkey,n,n,33.0
mist,morning,n,n,33.0
feather,gull,n,n,33.0
gull,stork,n,n,33.0
dusk,morning,n,n,33.0
guitar,play,n,v,33.0
bloom,violet,n,n,33.0
mallard,stork,n,n,33.0
band,piano,n,n,33.0
glitter,sky,v,n,33.0
orange,pink,j,j,33.0
potato,soup,n,n,33.0
grey,violet,j,n,33.0
construction,demolition,n,n,33.0
scenery,valley,n,n,33.0
morning,sky,n,n,33.0
beach,cliff,n,n,33.0
storm,tropical,n,j,33.0
black,pink,j,j,33.0
hat,jacket,n,n,33.0
dragonfly,hummingbird,n,n,33.0
pink,white,j,j,33.0
blue,yellow,j,j,33.0
cold,hot,j,j,33.0
flower,pink,n,j,33.0
bright,star,j,n,33.0
restaurant,sushi,n,n,33.0
guitar,keyboard,n,n,33.0
diner,sushi,n,n,33.0
furniture,room,n,n,33.0
desert,scenery,n,n,33.0
cafe,dinner,n,n,33.0
bakery,cafe,n,n,33.0
flamingo,pelican,n,n,33.0
salad,sandwich,n,n,33.0
bright,dark,j,j,33.0
building,floor,n,n,33.0
bacon,eat,n,v,33.0
apartment,floor,n,n,33.0
railway,underground,n,j,33.0
lip,smile,n,n,33.0
fungus,plant,n,n,33.0
breakfast,diner,n,n,33.0
feather,pelican,n,n,33.0
bath,hot,n,j,33.0
arch,roof,n,n,33.0
game,match,n,n,33.0
metro,rail,n,n,33.0
decoration,wood,n,n,33.0
building,demolition,n,n,33.0
art,collage,n,n,33.0
ship,sink,n,v,33.0
grey,purple,j,j,33.0
garden,lawn,n,n,33.0
orange,violet,j,n,33.0
ivy,oak,n,n,33.0
dog,lick,n,v,33.0
dawn,sunny,n,j,33.0
fun,kid,n,n,33.0
lunch,restaurant,n,n,33.0
metro,underground,n,j,33.0
eat,strawberry,v,n,33.0
foliage,rose,n,n,33.0
evening,sleep,n,v,33.0
construction,interior,n,n,33.0
weather,wet,n,j,33.0
fruit,nut,n,n,33.0
car,park,n,n,33.0
ink,pencil,n,n,32.0
frost,wet,n,j,32.0
mural,work,n,n,32.0
berry,blossom,n,n,32.0
decoration,lighting,n,n,32.0
man,muscle,n,n,32.0
drip,puddle,v,n,32.0
porch,stair,n,n,32.0
brown,red,j,j,32.0
iron,rusty,n,j,32.0
apartment,bedroom,n,n,32.0
foliage,lily,n,n,32.0
face,happy,n,j,32.0
airport,traffic,n,n,32.0
rain,wind,n,n,32.0
handwriting,sketch,n,n,32.0
city,live,n,v,32.0
rain,sunny,n,j,32.0
blonde,haircut,j,n,32.0
abandon,ruin,v,n,32.0
black,yellow,j,j,32.0
bacon,cooking,n,n,32.0
dragonfly,pond,n,n,32.0
ceiling,staircase,n,n,32.0
morning,time,n,n,32.0
potato,sweet,n,j,32.0
day,sunny,n,j,32.0
hotel,house,n,n,32.0
guy,haircut,n,n,32.0
mud,sand,n,n,32.0
staircase,wall,n,n,32.0
brown,white,j,j,32.0
dinner,sit,n,v,32.0
evening,morning,n,n,32.0
bench,sit,n,v,32.0
hummingbird,pelican,n,n,32.0
bike,chopper,n,n,32.0
foliage,tulip,n,n,32.0
bar,cafe,n,n,32.0
autumn,sunshine,n,n,32.0
potato,tomato,n,n,32.0
scenery,trail,n,n,32.0
jacket,skirt,n,n,32.0
construction,skyscraper,n,n,32.0
chicken,lamb,n,n,32.0
grey,orange,j,j,32.0
bikini,lake,n,n,32.0
carrot,soup,n,n,32.0
bar,diner,n,n,32.0
dessert,frozen,n,j,32.0
cooking,diner,n,n,32.0
violet,white,n,j,32.0
apple,dessert,n,n,32.0
cooking,noodle,n,n,32.0
bear,son,v,n,32.0
insect,lizard,n,n,32.0
foliage,twig,n,n,32.0
outdoor,pool,j,n,32.0
morning,sunset,n,n,32.0
escalator,subway,n,n,32.0
bacon,soup,n,n,32.0
berry,sweet,n,j,32.0
grey,pink,j,j,32.0
rain,sunshine,n,n,32.0
game,play,n,v,32.0
cocktail,dinner,n,n,32.0
building,concrete,n,j,32.0
street,town,n,n,32.0
friend,love,n,n,32.0
festival,musician,n,n,32.0
berry,twig,n,n,32.0
ball,drop,n,v,31.0
black,violet,j,n,31.0
hawk,wild,n,j,31.0
cooking,salad,n,n,31.0
floor,staircase,n,n,31.0
lawn,patio,n,n,31.0
guy,sport,n,n,31.0
blossom,purple,n,j,31.0
cold,rain,j,n,31.0
reptile,wild,n,j,31.0
glitter,sunshine,v,n,31.0
room,staircase,n,n,31.0
mammal,wild,n,j,31.0
interior,paint,n,v,31.0
forest,frog,n,n,31.0
ceiling,window,n,n,31.0
coast,sailing,n,n,31.0
relax,sit,v,v,31.0
fungus,moss,n,n,31.0
interior,staircase,n,n,31.0
bride,photographer,n,n,31.0
dirt,racing,n,n,31.0
frozen,raspberry,j,n,31.0
boy,school,n,n,31.0
brown,violet,j,n,31.0
play,stadium,v,n,31.0
chapel,graveyard,n,n,31.0
dew,frost,n,n,31.0
dark,grey,j,j,31.0
desert,mountain,n,n,31.0
berry,purple,n,j,31.0
collage,illustration,n,n,31.0
cold,wet,j,j,31.0
burger,cooking,n,n,31.0
day,evening,n,n,31.0
jean,shirt,n,n,31.0
blue,white,j,j,31.0
giraffe,lion,n,n,31.0
dandelion,foliage,n,n,31.0
bird,reptile,n,n,31.0
bathroom,floor,n,n,31.0
love,smile,n,n,31.0
small,village,j,n,31.0
hat,jean,n,n,31.0
bright,orange,j,j,31.0
bud,fruit,n,n,31.0
fall,tear,v,n,31.0
food,fruit,n,n,31.0
red,white,j,j,31.0
collage,exhibition,n,n,31.0
orange,raspberry,j,n,31.0
hat,outfit,n,n,31.0
hockey,play,n,v,31.0
berry,eat,n,v,31.0
bag,pillow,n,n,31.0
bread,salad,n,n,31.0
bathroom,ceiling,n,n,31.0
bacon,burger,n,n,31.0
ceramic,floor,j,n,31.0
fun,relax,n,v,31.0
dawn,misty,n,j,31.0
hot,weather,j,n,31.0
pepper,potato,n,n,31.0
pink,red,j,j,31.0
interior,roof,n,n,31.0
cute,kid,j,n,31.0
vine,wine,n,n,31.0
skyline,tower,n,n,31.0
pet,terrier,n,n,31.0
girl,sexy,n,j,31.0
downtown,subway,j,n,31.0
jump,leg,n,n,31.0
dessert,salad,n,n,31.0
shirt,sock,n,n,31.0
exhibition,painting,n,n,31.0
boardwalk,trail,n,n,31.0
apple,blossom,n,n,31.0
hawk,mallard,n,n,31.0
hand,stand,n,v,31.0
flower,yellow,n,j,31.0
floor,porch,n,n,31.0
drip,wash,v,v,31.0
foliage,ivy,n,n,31.0
cliff,waterfall,n,n,30.0
foliage,fruit,n,n,30.0
orange,white,j,j,30.0
station,underground,n,j,30.0
foliage,yellow,n,j,30.0
dude,friend,n,n,30.0
forest,tropical,n,j,30.0
rain,sun,n,n,30.0
belly,dance,n,n,30.0
man,sexy,n,j,30.0
colorful,outfit,j,n,30.0
reptile,rodent,n,n,30.0
burger,salad,n,n,30.0
fruit,sweet,n,j,30.0
flamingo,mallard,n,n,30.0
garage,kitchen,n,n,30.0
roof,stair,n,n,30.0
club,hockey,n,n,30.0
house,staircase,n,n,30.0
feel,kiss,v,n,30.0
bright,red,j,j,30.0
lake,valley,n,n,30.0
door,patio,n,n,30.0
apartment,kitchen,n,n,30.0
grey,yellow,j,j,30.0
chicken,salad,n,n,30.0
punk,rock,n,n,30.0
bloom,twig,n,n,30.0
blonde,wig,j,n,30.0
cold,water,j,n,30.0
blur,lens,v,n,30.0
door,porch,n,n,30.0
foliage,orchid,n,n,30.0
door,interior,n,n,30.0
female,makeup,j,n,30.0
cloud,sunlight,n,n,30.0
beach,pebble,n,n,30.0
bright,yellow,j,j,30.0
bed,floor,n,n,30.0
cherry,dessert,n,n,30.0
misty,sunrise,j,n,30.0
dark,shade,j,n,30.0
railroad,underground,n,j,30.0
cafe,donut,n,n,30.0
musician,punk,n,n,30.0
memorial,people,n,n,30.0
stop,time,v,n,30.0
glitter,star,v,n,30.0
fun,idea,n,n,30.0
band,uniform,n,j,30.0
insect,plant,n,n,30.0
bedroom,kitchen,n,n,30.0
harbour,scenery,n,n,30.0
collage,painting,n,n,30.0
mist,sky,n,n,30.0
dawn,sunshine,n,n,30.0
costume,shirt,n,n,30.0
mud,water,n,n,30.0
blossom,violet,n,n,30.0
fishing,shore,n,n,30.0
cloud,sunny,n,j,30.0
shade,sunlight,n,n,30.0
friend,smile,n,n,30.0
bacon,salad,n,n,30.0
pod,round,n,n,30.0
flower,fruit,n,n,30.0
abstract,museum,j,n,30.0
door,stair,n,n,30.0
foot,tall,n,j,30.0
cooking,fruit,n,n,30.0
burger,soup,n,n,30.0
match,play,n,v,30.0
cattle,goat,n,n,29.0
camera,theatre,n,n,29.0
flower,wild,n,j,29.0
lick,lip,v,n,29.0
lunch,tea,n,n,29.0
berry,dessert,n,n,29.0
downtown,shopping,j,n,29.0
kitchen,wash,n,v,29.0
petal,twig,n,n,29.0
happy,kid,j,n,29.0
amphibian,bird,n,n,29.0
cold,sunny,j,j,29.0
meat,soup,n,n,29.0
camel,desert,n,n,29.0
foliage,shade,n,n,29.0
restaurant,room,n,n,29.0
couple,family,n,n,29.0
bird,mammal,n,n,29.0
arch,porch,n,n,29.0
kitty,lick,n,v,29.0
blossom,ivy,n,n,29.0
grey,red,j,j,29.0
bright,pink,j,j,29.0
bay,cliff,n,n,29.0
door,staircase,n,n,29.0
chess,toy,n,n,29.0
gull,hummingbird,n,n,29.0
beauty,peacock,n,n,29.0
boardwalk,park,n,n,29.0
city,ruin,n,n,29.0
bay,swim,n,v,29.0
daisy,foliage,n,n,29.0
apartment,bathroom,n,n,29.0
flower,purple,n,j,29.0
hill,path,n,n,29.0
match,stadium,n,n,29.0
monument,ruin,n,n,29.0
dark,white,j,j,29.0
ancient,city,j,n,29.0
lick,puppy,v,n,29.0
metal,punk,n,n,29.0
hotel,relax,n,v,29.0
nut,sunflower,n,n,29.0
hot,wet,j,j,29.0
glass,vinyl,n,n,29.0
foliage,moss,n,n,29.0
coast,scenery,n,n,29.0
bacon,bread,n,n,29.0
brick,roof,n,n,29.0
wet,winter,j,n,29.0
dark,silhouette,j,n,29.0
bacon,dessert,n,n,29.0
floor,stair,n,n,29.0
day,lunch,n,n,29.0
line,lunch,n,n,29.0
room,sit,n,v,29.0
interior,outdoor,n,j,29.0
shirt,white,n,j,29.0
lick,paw,v,n,29.0
brown,pink,j,j,29.0
friend,fun,n,n,29.0
city,downtown,n,j,29.0
pool,relax,n,v,28.0
bird,dragonfly,n,n,28.0
bacon,tomato,n,n,28.0
dandelion,seed,n,n,28.0
purple,shade,j,n,28.0
bacon,pepper,n,n,28.0
dark,purple,j,j,28.0
door,floor,n,n,28.0
sidewalk,street,n,n,28.0
bacon,sandwich,n,n,28.0
petal,pink,n,j,28.0
colour,dark,n,j,28.0
brick,staircase,n,n,28.0
fog,sunny,n,j,28.0
valley,waterfall,n,n,28.0
rice,soup,n,n,28.0
patio,pool,n,n,28.0
patio,sit,n,v,28.0
river,scenery,n,n,28.0
beard,blonde,n,j,28.0
nest,stork,n,n,28.0
carrot,pepper,n,n,28.0
collage,paint,n,v,28.0
jump,swimming,n,n,28.0
chapel,gravestone,n,n,28.0
feel,smile,v,n,28.0
flag,stripe,n,n,28.0
harbour,town,n,n,28.0
guitar,punk,n,n,28.0
scenery,sunny,n,j,28.0
christmas,valentine,n,n,28.0
bloom,pink,n,j,28.0
bear,daughter,v,n,28.0
insect,rodent,n,n,28.0
bedroom,floor,n,n,28.0
stair,wall,n,n,28.0
chapel,ruin,n,n,28.0
beef,tomato,n,n,28.0
doodle,scratch,n,n,28.0
daffodil,purple,n,j,28.0
lake,scenery,n,n,28.0
roof,staircase,n,n,28.0
boy,live,n,v,28.0
chain,store,n,n,28.0
coast,hill,n,n,28.0
mushroom,pepper,n,n,28.0
porch,window,n,n,28.0
hot,water,j,n,28.0
sock,white,n,j,28.0
arch,bridge,n,n,28.0
dessert,raspberry,n,n,28.0
brick,ceiling,n,n,28.0
scenery,sunshine,n,n,28.0
city,square,n,j,28.0
stand,walk,v,v,28.0
evening,fun,n,n,28.0
happy,sexy,j,j,28.0
burger,mac,n,n,28.0
paint,sculpture,v,n,28.0
misty,morning,j,n,28.0
frost,rain,n,n,28.0
color,shade,n,n,28.0
bacon,potato,n,n,28.0
patio,stair,n,n,28.0
hot,wash,j,v,27.0
button,sticker,n,n,27.0
cute,happy,j,j,27.0
happy,tear,j,n,27.0
pepper,soup,n,n,27.0
alley,racing,n,n,27.0
smile,tear,n,n,27.0
train,underground,n,j,27.0
blonde,curl,j,v,27.0
flamingo,mammal,n,n,27.0
porch,staircase,n,n,27.0
ford,river,n,n,27.0
room,stair,n,n,27.0
face,glitter,n,v,27.0
nest,reptile,n,n,27.0
sailing,sink,n,v,27.0
floor,kitchen,n,n,27.0
cottage,garden,n,n,27.0
day,weather,n,n,27.0
amphibian,insect,n,n,27.0
eat,sweet,v,j,27.0
pregnant,round,j,n,27.0
brown,feather,j,n,27.0
bed,sit,n,v,27.0
bike,rally,n,n,27.0
apartment,patio,n,n,27.0
cooking,dessert,n,n,27.0
lily,purple,n,j,27.0
kitchen,patio,n,n,27.0
line,subway,n,n,27.0
breakfast,room,n,n,27.0
gull,reptile,n,n,27.0
dirty,rusty,j,j,27.0
bath,bedroom,n,n,27.0
cottage,patio,n,n,27.0
misty,sunshine,j,n,27.0
band,metal,n,n,27.0
skyline,tall,n,j,27.0
berry,foliage,n,n,27.0
mushroom,salad,n,n,27.0
abandon,soldier,v,n,27.0
bath,kitchen,n,n,27.0
sit,stop,v,v,27.0
outdoor,swimming,j,n,27.0
ruin,stone,n,n,27.0
building,sidewalk,n,n,27.0
fall,stop,v,v,27.0
cloud,ripple,n,n,27.0
cliff,scenery,n,n,27.0
salad,strawberry,n,n,27.0
graveyard,ruin,n,n,27.0
pepper,tomato,n,n,27.0
line,metro,n,n,27.0
bird,wild,n,j,27.0
hill,road,n,n,27.0
cliff,harbour,n,n,27.0
clothes,sexy,n,j,27.0
baseball,club,n,n,27.0
petal,purple,n,j,27.0
collar,skirt,n,n,27.0
cottage,sleep,n,v,27.0
match,round,n,n,27.0
kitchen,stair,n,n,27.0
church,graveyard,n,n,27.0
lighthouse,wall,n,n,27.0
kitchen,sit,n,v,27.0
dawn,spring,n,n,27.0
hot,spring,j,n,27.0
flower,weather,n,n,27.0
child,fun,n,n,27.0
evening,walk,n,v,27.0
cliff,sea,n,n,27.0
cold,mist,j,n,27.0
station,theatre,n,n,27.0
dusk,misty,n,j,27.0
friend,lady,n,n,27.0
mountain,sea,n,n,26.0
escalator,metro,n,n,26.0
live,old,v,j,26.0
friend,guy,n,n,26.0
theatre,tv,n,n,26.0
ceiling,kitchen,n,n,26.0
nature,snowman,n,n,26.0
coin,ticket,n,n,26.0
plane,sailing,n,n,26.0
sea,sink,n,v,26.0
bench,boardwalk,n,n,26.0
happy,kiss,j,n,26.0
bath,bed,n,n,26.0
restaurant,shopping,n,n,26.0
canine,run,j,v,26.0
lunch,sit,n,v,26.0
bus,rail,n,n,26.0
frog,tropical,n,j,26.0
bathroom,bed,n,n,26.0
goose,wolf,n,n,26.0
happy,mom,j,n,26.0
black,paint,j,v,26.0
glitter,scenery,v,n,26.0
beef,salad,n,n,26.0
construction,downtown,n,j,26.0
parking,underground,n,j,26.0
park,skate,n,n,26.0
apartment,pool,n,n,26.0
flood,line,n,n,26.0
marble,wall,n,n,26.0
hummingbird,tropical,n,j,26.0
palace,ruin,n,n,26.0
panda,pig,n,n,26.0
frost,shade,n,n,26.0
cherry,sweet,n,j,26.0
carrot,fruit,n,n,26.0
brick,skyscraper,n,n,26.0
collage,sculpture,n,n,26.0
fruit,potato,n,n,26.0
grey,stripe,j,n,26.0
patio,room,n,n,26.0
fun,sexy,n,j,26.0
blue,fabric,j,n,26.0
guy,sexy,n,j,26.0
guitar,track,n,n,26.0
misty,scenery,j,n,26.0
kitchen,porch,n,n,26.0
sweet,wine,j,n,26.0
cute,guy,j,n,26.0
bedroom,relax,n,v,26.0
hummingbird,insect,n,n,26.0
hill,horizon,n,n,26.0
beef,pepper,n,n,26.0
hand,leave,n,v,26.0
beef,deer,n,n,26.0
frog,whale,n,n,26.0
bright,shade,j,n,26.0
cooking,frozen,n,j,26.0
festival,gate,n,n,26.0
interior,object,n,n,25.0
bathroom,sit,n,v,25.0
smoke,sun,n,n,25.0
crochet,jewelry,n,n,25.0
architecture,skyline,n,n,25.0
cold,puddle,j,n,25.0
blur,eye,v,n,25.0
guy,sleep,n,v,25.0
baseball,shirt,n,n,25.0
amphibian,pelican,n,n,25.0
shade,violet,n,n,25.0
green,shade,j,n,25.0
evening,sunny,n,j,25.0
blue,stripe,j,n,25.0
patio,staircase,n,n,25.0
puddle,street,n,n,25.0
eye,smile,n,n,25.0
canine,lick,j,v,25.0
outfit,punk,n,n,25.0
dragonfly,reptile,n,n,25.0
mist,sunshine,n,n,25.0
castle,ruin,n,n,25.0
angel,sculpture,n,n,25.0
bud,ivy,n,n,25.0
chicken,mammal,n,n,25.0
family,live,n,v,25.0
carrot,sunflower,n,n,25.0
interior,stair,n,n,25.0
craft,game,n,n,25.0
valley,village,n,n,25.0
brown,gull,j,n,25.0
decoration,tulip,n,n,25.0
bud,pink,n,j,25.0
dessert,orange,n,j,25.0
mammal,reptile,n,n,25.0
cute,sexy,j,j,25.0
relax,scenery,v,n,25.0
blue,bright,j,j,25.0
cold,misty,j,j,25.0
floor,skyscraper,n,n,25.0
coast,valley,n,n,25.0
ceiling,stair,n,n,25.0
couple,live,n,v,25.0
red,stripe,j,n,25.0
sing,write,v,v,25.0
hang,stand,v,v,25.0
meat,pepper,n,n,25.0
insect,mammal,n,n,25.0
track,vinyl,n,n,25.0
show,sketch,n,n,25.0
clothes,cute,n,j,25.0
harbour,sink,n,v,25.0
dude,sexy,n,j,25.0
blue,shade,j,n,25.0
garden,house,n,n,25.0
crane,wild,n,j,25.0
feel,tear,v,n,24.0
bar,relax,n,v,24.0
breakfast,sleep,n,v,24.0
shore,valley,n,n,24.0
amphibian,wild,n,j,24.0
door,kitchen,n,n,24.0
sexy,smile,j,n,24.0
stripe,white,n,j,24.0
family,male,n,n,24.0
hummingbird,mammal,n,n,24.0
amphibian,dragonfly,n,n,24.0
rice,yellow,n,j,24.0
happy,time,j,n,24.0
line,street,n,n,24.0
black,skirt,j,n,24.0
porch,wall,n,n,24.0
drop,hang,v,v,24.0
mist,sunny,n,j,24.0
pepper,strawberry,n,n,24.0
ruin,skyline,n,n,24.0
nude,painting,j,n,24.0
diner,patio,n,n,24.0
bridge,ford,n,n,24.0
blonde,cute,j,j,24.0
morning,weather,n,n,24.0
dress,match,n,n,24.0
fungus,rust,n,n,24.0
stripe,yellow,n,j,24.0
chapel,tower,n,n,24.0
feather,wild,n,j,24.0
cake,christmas,n,n,24.0
bright,raspberry,j,n,24.0
harbor,sink,n,v,24.0
barn,owl,n,n,24.0
daisy,purple,n,j,24.0
frost,grass,n,n,24.0
blue,shirt,j,n,24.0
post,view,v,n,24.0
hawk,mammal,n,n,24.0
garden,kitchen,n,n,24.0
bright,purple,j,j,24.0
cute,haircut,j,n,24.0
hawk,reptile,n,n,24.0
fun,lego,n,n,24.0
snow,sunshine,n,n,24.0
bloom,purple,n,j,24.0
family,female,n,j,24.0
orange,salad,j,n,24.0
architecture,shade,n,n,24.0
bedroom,stair,n,n,24.0
hill,town,n,n,24.0
bread,dessert,n,n,24.0
cathedral,step,n,n,24.0
bedroom,staircase,n,n,24.0
shore,town,n,n,24.0
bench,game,n,n,24.0
mist,sunlight,n,n,24.0
fountain,marble,n,n,24.0
makeup,reflection,n,n,24.0
cocktail,relax,n,v,24.0
sketch,texture,n,n,24.0
deer,elephant,n,n,24.0
bed,ceiling,n,n,24.0
evening,relax,n,v,24.0
berry,ivy,n,n,24.0
ruin,village,n,n,24.0
cafe,street,n,n,24.0
palm,twig,n,n,24.0
frost,spring,n,n,24.0
daisy,pink,n,j,24.0
dirty,hand,j,n,24.0
arch,wall,n,n,24.0
porch,room,n,n,24.0
cottage,scenery,n,n,24.0
fruit,meat,n,n,24.0
cute,smile,j,n,24.0
bath,floor,n,n,24.0
old,town,j,n,24.0
skirt,white,n,j,24.0
glitter,misty,v,j,23.0
fire,sand,n,n,23.0
sit,staircase,v,n,23.0
blue,dark,j,j,23.0
nail,rusty,n,j,23.0
ceiling,marble,n,n,23.0
basket,dinner,n,n,23.0
card,party,n,n,23.0
bright,foliage,j,n,23.0
cold,drip,j,v,23.0
lamb,snow,n,n,23.0
cafe,relax,n,v,23.0
cathedral,ruin,n,n,23.0
hill,river,n,n,23.0
friend,night,n,n,23.0
orange,shade,j,n,23.0
live,male,v,n,23.0
coffee,lunch,n,n,23.0
key,palace,j,n,23.0
shop,show,n,n,23.0
burger,dessert,n,n,23.0
morning,relax,n,v,23.0
craft,note,n,n,23.0
dessert,sandwich,n,n,23.0
dirty,feel,j,v,23.0
beer,patio,n,n,23.0
eat,frozen,v,j,23.0
brick,porch,n,n,23.0
ceiling,door,n,n,23.0
deer,insect,n,n,23.0
happy,home,j,n,23.0
rock,track,n,n,23.0
footprint,tile,n,n,23.0
exhibition,work,n,n,23.0
city,lamp,n,n,23.0
cute,lady,j,n,23.0
shade,white,n,j,23.0
beauty,orchid,n,n,23.0
hummingbird,rodent,n,n,23.0
haircut,sexy,n,j,23.0
arch,concrete,n,j,23.0
airport,asphalt,n,n,23.0
air,dew,n,n,23.0
pregnancy,sit,n,v,23.0
frost,plant,n,n,23.0
forest,hummingbird,n,n,23.0
kiss,smile,n,n,23.0
eat,rabbit,v,n,23.0
autumn,shade,n,n,23.0
guy,kid,n,n,23.0
fall,love,v,n,23.0
oak,rose,n,n,23.0
city,firework,n,n,23.0
lamb,mother,n,n,23.0
cone,diamond,n,n,23.0
concrete,school,j,n,23.0
scenery,sketch,n,n,23.0
face,guy,n,n,23.0
scenery,shore,n,n,23.0
daisy,gravestone,n,n,23.0
field,skyscraper,n,n,23.0
leather,rope,n,n,23.0
sink,sunset,v,n,23.0
amphibian,brown,n,j,23.0
evening,misty,n,j,23.0
miniature,painting,j,n,23.0
dessert,wine,n,n,23.0
foliage,tall,n,j,23.0
evening,lunch,n,n,23.0
dark,orange,j,j,23.0
dessert,lunch,n,n,23.0
misty,mountain,j,n,23.0
boy,hand,n,n,23.0
dessert,soup,n,n,23.0
blue,skirt,j,n,22.0
dark,pink,j,j,22.0
interior,patio,n,n,22.0
sunny,wet,j,j,22.0
camera,painting,n,n,22.0
automobile,police,n,n,22.0
boardwalk,evening,n,n,22.0
guy,smile,n,n,22.0
sit,time,v,n,22.0
pink,skirt,j,n,22.0
ivy,wall,n,n,22.0
rock,sing,n,v,22.0
action,truck,n,n,22.0
hill,shore,n,n,22.0
happy,morning,j,n,22.0
demolition,skyscraper,n,n,22.0
happy,idea,j,n,22.0
hummingbird,reptile,n,n,22.0
breakfast,sit,n,v,22.0
light,sleep,n,v,22.0
cute,feel,j,v,22.0
bead,gold,n,n,22.0
clothes,haircut,n,n,22.0
evening,sunshine,n,n,22.0
foliage,violet,n,n,22.0
cathedral,interior,n,n,22.0
post,quote,v,n,22.0
mammal,pelican,n,n,22.0
escalator,underground,n,j,22.0
band,outfit,n,n,22.0
church,interior,n,n,22.0
market,sushi,n,n,22.0
grey,rusty,j,j,22.0
arch,brick,n,n,22.0
feel,sleep,v,v,22.0
insect,twig,n,n,22.0
colorful,toy,j,n,22.0
cherry,vine,n,n,22.0
dessert,noodle,n,n,22.0
black,pencil,j,n,22.0
band,track,n,n,22.0
happy,sleep,j,v,22.0
skate,vehicle,n,n,22.0
dessert,rice,n,n,22.0
movie,shopping,n,n,22.0
shade,twig,n,n,22.0
frost,sunny,n,j,22.0
misty,sky,j,n,22.0
misty,sunset,j,n,22.0
black,stripe,j,n,22.0
church,porch,n,n,22.0
morning,smile,n,n,22.0
autumn,frost,n,n,22.0
bath,patio,n,n,22.0
person,stair,n,n,22.0
pumpkin,valley,n,n,22.0
dark,pod,j,n,22.0
child,live,n,v,22.0
orchid,patio,n,n,22.0
shade,yellow,n,j,21.0
dirty,drip,j,v,21.0
key,stone,j,n,21.0
people,stair,n,n,21.0
bathroom,staircase,n,n,21.0
dome,interior,n,n,21.0
breakfast,hotel,n,n,21.0
bike,patio,n,n,21.0
female,old,j,j,21.0
glitter,smile,v,n,21.0
downtown,shore,j,n,21.0
fruit,sunflower,n,n,21.0
feline,reptile,j,n,21.0
run,train,v,n,21.0
shopping,street,n,n,21.0
cat,garden,n,n,21.0
cute,mom,j,n,21.0
steel,wing,n,n,21.0
guy,walk,n,v,21.0
horse,work,n,n,21.0
chipmunk,wolf,n,n,21.0
red,shade,j,n,21.0
school,traffic,n,n,21.0
dance,hotel,n,n,21.0
sunny,winter,j,n,21.0
ceramic,colour,j,n,21.0
house,poster,n,n,21.0
colorful,frame,j,n,21.0
sweet,vine,j,n,21.0
barn,food,n,n,21.0
field,squirrel,n,n,21.0
brown,hawk,j,n,21.0
city,small,n,j,21.0
dark,violet,j,n,21.0
brick,interior,n,n,21.0
couple,female,n,j,21.0
cliff,sand,n,n,21.0
key,motor,j,n,21.0
square,town,j,n,21.0
misty,sunny,j,j,21.0
jean,wash,n,v,21.0
foot,piano,n,n,21.0
model,toe,n,n,21.0
crystal,spiral,n,n,21.0
cliff,shore,n,n,21.0
lake,whale,n,n,21.0
shore,waterfall,n,n,21.0
foliage,pink,n,j,21.0
hawk,insect,n,n,21.0
curl,whisker,v,n,21.0
dessert,pepper,n,n,21.0
dinner,room,n,n,21.0
art,drive,n,n,21.0
drop,time,v,n,21.0
hang,sit,v,v,21.0
skin,sunglasses,n,n,21.0
lunch,morning,n,n,21.0
drug,musician,n,n,21.0
redhead,rusty,n,j,21.0
live,race,v,n,21.0
fall,stand,v,v,21.0
cliff,fence,n,n,21.0
misty,snow,j,n,21.0
gasoline,town,n,n,21.0
decoration,twig,n,n,21.0
flower,shade,n,n,21.0
skin,skirt,n,n,21.0
feel,idea,v,n,21.0
ruin,town,n,n,21.0
bedroom,breakfast,n,n,21.0
lunch,relax,n,v,21.0
fountain,hill,n,n,20.0
couple,male,n,n,20.0
bathroom,patio,n,n,20.0
dusk,hummingbird,n,n,20.0
guitar,vinyl,n,n,20.0
bright,fruit,j,n,20.0
dead,hang,j,v,20.0
heart,wing,n,n,20.0
salad,sunflower,n,n,20.0
bedroom,patio,n,n,20.0
badge,metro,n,n,20.0
fun,time,n,n,20.0
dark,red,j,j,20.0
concrete,interior,j,n,20.0
cone,windmill,n,n,20.0
racing,shirt,n,n,20.0
mom,smile,n,n,20.0
object,scooter,n,n,20.0
cone,hill,n,n,20.0
breakfast,relax,n,v,20.0
friend,relax,n,v,20.0
fun,guy,n,n,20.0
black,bright,j,j,20.0
dancer,palace,n,n,20.0
frozen,salad,j,n,20.0
brown,hummingbird,j,n,20.0
escalator,railway,n,n,20.0
camel,outdoor,n,j,20.0
autumn,bud,n,n,20.0
male,old,n,j,20.0
hold,nest,v,n,20.0
cute,mammal,j,n,20.0
baseball,show,n,n,20.0
patio,spring,n,n,20.0
mammal,nest,n,n,20.0
cow,pregnancy,n,n,20.0
fun,night,n,n,20.0
game,rocket,n,n,20.0
downtown,ruin,j,n,20.0
makeup,people,n,n,20.0
interior,porch,n,n,20.0
bed,patio,n,n,20.0
relax,sunshine,v,n,20.0
dark,yellow,j,j,20.0
floor,sit,n,v,20.0
grave,number,n,n,20.0
mill,sunflower,n,n,20.0
farm,wind,n,n,20.0
cold,wash,j,v,20.0
drip,hot,v,j,20.0
idea,people,n,n,20.0
couple,old,n,j,20.0
food,gull,n,n,20.0
gate,hotel,n,n,20.0
glitter,night,v,n,20.0
cold,sun,j,n,20.0
chicken,pepper,n,n,20.0
salad,sweet,n,j,20.0
porch,stone,n,n,20.0
coffee,room,n,n,20.0
berry,bright,n,j,20.0
amphibian,hummingbird,n,n,20.0
flamingo,insect,n,n,20.0
club,shirt,n,n,20.0
porch,tower,n,n,20.0
skateboard,swimsuit,n,n,20.0
desert,road,n,n,20.0
kiss,tear,n,n,20.0
feather,grey,n,j,20.0
club,match,n,n,19.0
sit,sleep,v,v,19.0
chapel,porch,n,n,19.0
figure,spiral,n,n,19.0
bud,purple,n,j,19.0
bird,shade,n,n,19.0
blonde,dark,j,j,19.0
burger,frozen,n,j,19.0
chain,engine,n,n,19.0
bathroom,porch,n,n,19.0
country,work,n,n,19.0
leave,stop,v,v,19.0
desk,white,n,j,19.0
object,piano,n,n,19.0
can,mill,n,n,19.0
female,race,j,n,19.0
frost,sunshine,n,n,19.0
soup,sweet,n,j,19.0
black,seat,j,n,19.0
lion,pelican,n,n,19.0
graffito,interior,n,n,19.0
apartment,sleep,n,v,19.0
cold,summer,j,n,19.0
market,orange,n,j,19.0
guy,kiss,n,n,19.0
dirty,guy,j,n,19.0
arm,caterpillar,n,n,19.0
foliage,frost,n,n,19.0
gravestone,pattern,n,n,19.0
shop,summer,n,n,19.0
petal,shade,n,n,19.0
gull,mammal,n,n,19.0
cone,palm,n,n,19.0
makeup,town,n,n,19.0
gull,insect,n,n,19.0
dessert,meat,n,n,19.0
morning,sit,n,v,19.0
doll,new,n,j,19.0
butterfly,glitter,n,v,19.0
interior,skyscraper,n,n,19.0
market,white,n,j,19.0
cute,fun,j,n,19.0
night,sunny,n,j,19.0
bed,staircase,n,n,19.0
miniature,paint,j,v,19.0
bloom,glitter,n,v,19.0
evening,friend,n,n,19.0
city,mill,n,n,19.0
coast,downtown,n,j,18.0
dew,sunshine,n,n,18.0
dragonfly,underwater,n,j,18.0
star,storm,n,n,18.0
patio,wash,n,v,18.0
cold,ear,j,n,18.0
house,windmill,n,n,18.0
fly,toy,v,n,18.0
breakfast,evening,n,n,18.0
hang,rusty,v,j,18.0
dinner,relax,n,v,18.0
aircraft,door,n,n,18.0
porch,ruin,n,n,18.0
cop,dirty,n,j,18.0
cross,tower,n,n,18.0
city,old,n,j,18.0
cold,sunshine,j,n,18.0
dragon,metal,n,n,18.0
light,shed,n,v,18.0
hotel,library,n,n,18.0
feel,friend,v,n,18.0
parking,scenery,n,n,18.0
ruin,tower,n,n,18.0
abandon,railroad,v,n,18.0
bright,violet,j,n,18.0
couple,makeup,n,n,18.0
dude,smile,n,n,18.0
dirty,rabbit,j,n,18.0
smile,walk,n,v,18.0
autumn,daffodil,n,n,18.0
hotel,sand,n,n,18.0
crystal,dirt,n,n,18.0
reptile,stork,n,n,18.0
coast,sink,n,v,18.0
dark,rusty,j,j,18.0
band,vinyl,n,n,18.0
parrot,reptile,n,n,18.0
steel,town,n,n,18.0
architecture,table,n,n,18.0
bedroom,porch,n,n,18.0
aquarium,seagull,n,n,18.0
butterfly,transformer,n,n,18.0
feel,sit,v,v,18.0
landscape,stadium,n,n,18.0
lunch,walk,n,v,18.0
church,cookie,n,n,18.0
stripe,violet,n,n,18.0
origami,white,n,j,18.0
bag,flag,n,n,18.0
escalator,station,n,n,18.0
dawn,snow,n,n,18.0
green,lantern,j,n,18.0
painting,work,n,n,18.0
pigeon,round,n,n,18.0
haircut,smile,n,n,18.0
coast,sketch,n,n,18.0
colorful,duck,j,n,18.0
man,stand,n,v,18.0
demolition,interior,n,n,18.0
pelican,toe,n,n,18.0
garage,garden,n,n,18.0
brown,insect,j,n,18.0
family,old,n,j,18.0
brown,pelican,j,n,18.0
fountain,parade,n,n,18.0
fungus,insect,n,n,18.0
female,live,j,v,18.0
frost,hot,n,j,18.0
handle,shop,v,n,17.0
happy,stand,j,v,17.0
collection,work,n,n,17.0
pepper,sunflower,n,n,17.0
graphic,roof,j,n,17.0
play,spiral,v,n,17.0
cute,fashion,j,n,17.0
ball,square,n,j,17.0
red,tea,j,n,17.0
port,sweet,n,j,17.0
lunch,sunny,n,j,17.0
night,stop,n,v,17.0
muscle,nature,n,n,17.0
guy,sit,n,v,17.0
game,scooter,n,n,17.0
interior,toy,n,n,17.0
gate,pebble,n,n,17.0
blue,sock,j,n,17.0
bedroom,pool,n,n,17.0
graveyard,house,n,n,17.0
foot,friend,n,n,17.0
cute,idea,j,n,17.0
bed,picture,n,n,17.0
glass,road,n,n,17.0
bed,kitchen,n,n,17.0
dusk,gull,n,n,17.0
bicycle,green,n,j,17.0
shade,whale,n,n,17.0
lab,spider,n,n,17.0
bar,stair,n,n,17.0
hang,time,v,n,17.0
reptile,swim,n,v,17.0
happy,night,j,n,17.0
dude,fun,n,n,17.0
branch,tea,n,n,17.0
club,play,n,v,17.0
garbage,lunch,n,n,17.0
interior,tower,n,n,17.0
breakfast,people,n,n,17.0
couple,race,n,n,17.0
bay,porch,n,n,17.0
country,library,n,n,17.0
black,cigarette,j,n,17.0
handle,tram,v,n,17.0
feel,stair,v,n,17.0
oak,petal,n,n,17.0
lake,town,n,n,17.0
play,sign,v,v,17.0
old,race,j,n,17.0
parade,store,n,n,17.0
jellyfish,texture,n,n,17.0
curl,leaf,v,n,17.0
hummingbird,moss,n,n,17.0
book,gold,n,n,17.0
desk,match,n,n,17.0
handle,lighting,v,n,17.0
frozen,soup,j,n,17.0
dude,sit,n,v,17.0
amphibian,stork,n,n,16.0
asphalt,crane,n,n,16.0
bright,grey,j,j,16.0
flight,jaguar,n,n,16.0
happy,toe,j,n,16.0
bathroom,stair,n,n,16.0
bay,curve,n,n,16.0
foot,train,n,n,16.0
snow,sunny,n,j,16.0
blue,happy,j,j,16.0
sunshine,wet,n,j,16.0
clown,jellyfish,n,n,16.0
family,town,n,n,16.0
pattern,time,n,n,16.0
cherry,peel,n,n,16.0
bakery,vehicle,n,n,16.0
cross,post,n,v,16.0
garbage,underground,n,j,16.0
bible,leaf,n,n,16.0
nature,new,n,j,16.0
cute,dude,j,n,16.0
curve,dance,n,n,16.0
autumn,hat,n,n,16.0
fabric,handle,n,v,16.0
arm,white,n,j,16.0
feel,fun,v,n,16.0
bridge,ceramic,n,j,16.0
ruin,valley,n,n,16.0
castle,patio,n,n,16.0
button,grey,n,j,16.0
club,sign,n,v,16.0
feather,insect,n,n,16.0
hotel,oak,n,n,16.0
alley,punk,n,n,16.0
design,muscle,n,n,16.0
circle,snake,n,n,16.0
auto,quote,n,n,16.0
post,white,v,j,16.0
animal,clown,n,n,16.0
dinner,sleep,n,v,16.0
office,woman,n,n,16.0
line,underground,n,j,16.0
metro,television,n,n,16.0
waterfall,wood,n,n,16.0
relax,restaurant,v,n,16.0
bed,stair,n,n,16.0
dude,husky,n,n,16.0
demolition,skyline,n,n,16.0
ceiling,patio,n,n,16.0
flight,museum,n,n,16.0
paper,tattoo,n,n,16.0
action,subway,n,n,16.0
grave,shore,n,n,16.0
sunshine,winter,n,n,16.0
ford,wall,n,n,16.0
band,stocking,n,n,16.0
dirty,tear,j,n,16.0
leg,stripe,n,n,16.0
family,square,n,j,16.0
eye,sky,n,n,16.0
dinner,morning,n,n,16.0
apartment,beach,n,n,16.0
bus,crane,n,n,16.0
aquarium,coin,n,n,16.0
path,sunflower,n,n,16.0
red,uniform,j,j,16.0
band,ear,n,n,16.0
kitchen,staircase,n,n,16.0
glitter,vintage,v,j,16.0
gold,texture,n,n,16.0
air,carnival,n,n,16.0
guy,stand,n,v,16.0
bacon,sweet,n,j,16.0
abstract,feel,j,v,16.0
band,bride,n,n,16.0
mom,sit,n,v,15.0
foliage,purple,n,j,15.0
husky,painting,n,n,15.0
evening,surfer,n,n,15.0
postcard,texture,n,n,15.0
breakfast,night,n,n,15.0
makeup,skull,n,n,15.0
guy,tear,n,n,15.0
hamster,lock,n,v,15.0
chess,family,n,n,15.0
fun,haircut,n,n,15.0
bud,shade,n,n,15.0
ad,track,n,n,15.0
dead,pigeon,j,n,15.0
chipmunk,illustration,n,n,15.0
cold,silver,j,n,15.0
insect,number,n,n,15.0
bar,boat,n,n,15.0
restaurant,scenery,n,n,15.0
hair,stencil,n,n,15.0
guy,idea,n,n,15.0
gravestone,silhouette,n,n,15.0
bright,mist,j,n,15.0
coin,musician,n,n,15.0
arm,bicycle,n,n,15.0
hang,morning,v,n,15.0
demolition,tall,n,j,15.0
bedroom,diner,n,n,15.0
candle,line,n,n,15.0
bar,ship,n,n,15.0
club,cone,n,n,15.0
art,christmas,n,n,15.0
travel,wood,n,n,15.0
foot,outdoor,n,j,15.0
hang,leave,v,v,15.0
rusty,shade,j,n,15.0
abstract,moon,j,n,15.0
auto,round,n,n,15.0
mist,temple,n,n,15.0
stripe,urban,n,j,15.0
smile,view,n,n,15.0
ripple,shadow,n,n,15.0
dirty,fun,j,n,15.0
haircut,hang,n,v,15.0
brick,skyline,n,n,15.0
bathroom,sleep,n,v,15.0
school,tear,n,n,15.0
cute,friend,j,n,15.0
action,dress,n,n,15.0
cow,station,n,n,15.0
play,sailing,v,n,15.0
fungus,pattern,n,n,15.0
button,police,n,n,15.0
ceramic,church,j,n,15.0
home,smoking,n,n,15.0
food,wild,n,j,15.0
colorful,wood,j,n,15.0
smile,time,n,n,15.0
amphibian,flamingo,n,n,15.0
apartment,child,n,n,15.0
graveyard,silver,n,n,15.0
outfit,sign,n,v,15.0
dude,kid,n,n,15.0
pole,weather,n,n,15.0
city,round,n,n,15.0
nail,wolf,n,n,15.0
night,sunshine,n,n,15.0
bath,sleep,n,v,15.0
hang,stencil,v,n,15.0
cherry,meat,n,n,14.0
blue,poster,j,n,14.0
fire,movie,n,n,14.0
draw,wing,v,n,14.0
husky,play,n,v,14.0
drip,rusty,v,j,14.0
arrow,boxer,n,n,14.0
basket,moss,n,n,14.0
pin,wing,n,n,14.0
apartment,valley,n,n,14.0
guy,poodle,n,n,14.0
seagull,urban,n,j,14.0
dessert,tomato,n,n,14.0
egg,family,n,n,14.0
aircraft,guy,n,n,14.0
dark,flamingo,j,n,14.0
cheerleader,scenery,n,n,14.0
pink,shade,j,n,14.0
couple,outdoor,n,j,14.0
garden,smoke,n,n,14.0
glass,mill,n,n,14.0
race,square,n,j,14.0
paper,vine,n,n,14.0
smile,stand,n,v,14.0
frost,summer,n,n,14.0
bay,parking,n,n,14.0
kiss,sit,n,v,14.0
monkey,oak,n,n,14.0
bead,redhead,n,n,14.0
animal,hand,n,n,14.0
cute,music,j,n,14.0
downtown,hockey,j,n,14.0
dead,guy,j,n,14.0
aircraft,asphalt,n,n,14.0
magazine,run,n,v,14.0
flight,rain,n,n,14.0
bathroom,garden,n,n,14.0
door,skyscraper,n,n,14.0
makeup,old,n,j,14.0
game,sign,n,v,14.0
dead,face,j,n,14.0
friend,sexy,n,j,14.0
flower,interior,n,n,14.0
bag,wire,n,n,14.0
game,goat,n,n,14.0
note,rally,n,n,14.0
stair,steel,n,n,14.0
diamond,stencil,n,n,14.0
nature,tv,n,n,14.0
happy,post,j,v,14.0
abstract,rally,j,n,14.0
party,sailing,n,n,14.0
beard,kitty,n,n,14.0
eat,seagull,v,n,14.0
building,sandwich,n,n,14.0
belly,black,n,j,14.0
leave,walk,v,v,14.0
dark,stripe,j,n,14.0
ford,valley,n,n,14.0
insect,stork,n,n,14.0
animal,mural,n,n,14.0
leather,weed,n,n,14.0
pub,wash,n,v,14.0
leave,play,v,v,14.0
cop,gravestone,n,n,14.0
book,building,n,n,14.0
happy,walk,j,v,14.0
colorful,lab,j,n,14.0
flag,quote,n,n,14.0
sink,time,v,n,14.0
friend,sit,n,v,14.0
lantern,oak,n,n,14.0
sit,smile,v,n,14.0
cottage,outfit,n,n,14.0
downtown,lock,j,v,14.0
pet,poster,n,n,14.0
industrial,lake,j,n,14.0
lick,sit,v,v,14.0
pool,rust,n,n,14.0
stripe,train,n,n,14.0
beef,downtown,n,j,13.0
blonde,eye,j,n,13.0
lady,sunset,n,n,13.0
feel,stop,v,v,13.0
old,seat,j,n,13.0
dirty,happy,j,j,13.0
ruin,shore,n,n,13.0
black,paw,j,n,13.0
egg,lego,n,n,13.0
bear,play,v,v,13.0
black,pigeon,j,n,13.0
feather,reptile,n,n,13.0
gymnastics,port,n,n,13.0
mom,snowman,n,n,13.0
dirty,haircut,j,n,13.0
party,seat,n,n,13.0
lily,pig,n,n,13.0
dirty,hang,j,v,13.0
guy,wire,n,n,13.0
orange,shop,j,n,13.0
cactus,fall,n,v,13.0
circle,sport,n,n,13.0
redhead,reflection,n,n,13.0
cafe,reflection,n,n,13.0
outfit,play,n,v,13.0
bar,female,n,j,13.0
belly,dirty,n,j,13.0
rope,train,n,n,13.0
boardwalk,drop,n,v,13.0
abstract,candle,j,n,13.0
church,soldier,n,n,13.0
boxer,reflection,n,n,13.0
crystal,silhouette,n,n,13.0
feel,guy,v,n,13.0
pattern,pier,n,n,13.0
downtown,field,j,n,13.0
beer,wild,n,j,13.0
hang,happy,v,j,13.0
rope,shore,n,n,13.0
airplane,camera,n,n,13.0
button,flower,n,n,13.0
frozen,shop,j,n,13.0
curl,lick,v,v,13.0
sunny,zoo,j,n,13.0
people,stop,n,v,13.0
bucket,insect,n,n,13.0
fence,friend,n,n,13.0
can,sketch,n,n,13.0
frozen,pebble,j,n,13.0
ceramic,live,j,v,13.0
day,horse,n,n,13.0
bear,boxer,v,n,13.0
iris,necklace,n,n,13.0
lighting,person,n,n,13.0
boot,cliff,n,n,13.0
landscape,umbrella,n,n,13.0
man,transformer,n,n,13.0
dark,sand,j,n,13.0
ruin,swimsuit,n,n,13.0
abstract,rose,j,n,13.0
guy,gymnastics,n,n,12.0
grass,ruin,n,n,12.0
lighting,stone,n,n,12.0
porch,scooter,n,n,12.0
colour,wild,n,j,12.0
crane,stair,n,n,12.0
shore,tear,n,n,12.0
cactus,porch,n,n,12.0
belly,draw,n,v,12.0
fabric,photo,n,n,12.0
lamb,lantern,n,n,12.0
owl,rocket,n,n,12.0
party,scooter,n,n,12.0
display,scratch,n,n,12.0
ball,curl,n,v,12.0
cookie,peel,n,n,12.0
couple,post,n,v,12.0
field,red,n,j,12.0
theatre,wolf,n,n,12.0
blue,swing,j,n,12.0
guy,happy,n,j,12.0
quote,santa,n,n,12.0
dude,feel,n,v,12.0
bath,wine,n,n,12.0
brown,wet,j,j,12.0
kiss,stop,n,v,12.0
husky,match,n,n,12.0
cocktail,garage,n,n,12.0
face,stand,n,v,12.0
kid,stop,n,v,12.0
boxer,diner,n,n,12.0
patio,sleep,n,v,12.0
city,family,n,n,12.0
drop,rusty,v,j,12.0
parade,table,n,n,12.0
dawn,drug,n,n,12.0
design,orange,n,j,12.0
lunch,sunshine,n,n,12.0
dirty,dude,j,n,12.0
fun,tear,n,n,12.0
bikini,ivy,n,n,12.0
step,swimsuit,n,n,12.0
frog,poppy,n,n,12.0
cross,pub,n,n,12.0
frost,lily,n,n,12.0
curve,outdoor,n,j,12.0
collage,stream,n,n,12.0
twig,underground,n,j,12.0
chair,holiday,n,n,12.0
coffee,sun,n,n,12.0
lighting,sleep,n,v,12.0
mill,wild,n,j,12.0
circle,wig,n,n,12.0
highway,squirrel,n,n,12.0
pin,truck,n,n,12.0
boxer,swimming,n,n,12.0
shore,small,n,j,12.0
punk,vinyl,n,n,12.0
number,web,n,n,12.0
brown,demolition,j,n,12.0
interior,skyline,n,n,12.0
breakfast,floor,n,n,12.0
aerial,clown,j,n,12.0
hat,peel,n,n,12.0
baseball,rainbow,n,n,12.0
dude,happy,n,j,12.0
foot,mural,n,n,12.0
creature,grey,n,j,12.0
cross,outfit,n,n,12.0
leave,smile,v,n,11.0
fishing,rainbow,n,n,11.0
bathroom,dude,n,n,11.0
paint,puddle,v,n,11.0
skating,sticker,n,n,11.0
dome,uniform,n,j,11.0
lawn,sleep,n,v,11.0
office,sun,n,n,11.0
military,reflection,j,n,11.0
fashion,handwriting,n,n,11.0
cop,ruin,n,n,11.0
blur,metro,v,n,11.0
smile,stop,n,v,11.0
cute,lick,j,v,11.0
cross,mug,n,n,11.0
concrete,pin,j,n,11.0
cigarette,hotel,n,n,11.0
airplane,market,n,n,11.0
architecture,yellow,n,j,11.0
handle,terrier,v,n,11.0
patio,woman,n,n,11.0
green,gull,j,n,11.0
dew,parrot,n,n,11.0
country,hang,n,v,11.0
dude,hang,n,v,11.0
stripe,tank,n,n,11.0
hang,tear,v,n,11.0
crochet,family,n,n,11.0
cute,post,j,v,11.0
machine,sketch,n,n,11.0
feel,haircut,v,n,11.0
match,moss,n,n,11.0
art,sailing,n,n,11.0
foliage,restaurant,n,n,11.0
tea,village,n,n,11.0
branch,feline,n,j,11.0
day,plane,n,n,11.0
gold,idea,n,n,11.0
moon,mushroom,n,n,11.0
interior,tall,n,j,11.0
mallard,portrait,n,n,11.0
live,stitch,v,n,11.0
fun,morning,n,n,11.0
drip,rust,v,n,11.0
fun,stop,n,v,11.0
gull,mill,n,n,11.0
dirty,friend,j,n,11.0
blue,hand,j,n,11.0
bucket,curve,n,n,11.0
patio,swan,n,n,11.0
body,miniature,n,j,11.0
cafe,child,n,n,11.0
belly,stripe,n,n,11.0
mural,taxi,n,n,11.0
furniture,man,n,n,11.0
bead,library,n,n,11.0
daffodil,wool,n,n,11.0
eat,shade,v,n,11.0
collection,jellyfish,n,n,11.0
country,elephant,n,n,11.0
line,temple,n,n,11.0
bead,chess,n,n,11.0
skirt,wig,n,n,11.0
daisy,flood,n,n,11.0
camera,rally,n,n,11.0
happy,sit,j,v,11.0
bottle,construction,n,n,11.0
auto,bright,n,j,11.0
computer,railway,n,n,11.0
night,sit,n,v,11.0
hair,lizard,n,n,11.0
happy,lick,j,v,11.0
jump,sunlight,n,n,11.0
desert,smoke,n,n,11.0
chopper,window,n,n,11.0
leave,rusty,v,j,11.0
hang,stop,v,v,11.0
animal,sandwich,n,n,11.0
cute,dirty,j,j,11.0
cafe,draw,n,v,11.0
boxer,pyramid,n,n,11.0
arm,television,n,n,10.0
feel,hang,v,v,10.0
asphalt,moon,n,n,10.0
dusk,skirt,n,n,10.0
car,skull,n,n,10.0
leave,sit,v,v,10.0
outfit,rock,n,n,10.0
mom,stop,n,v,10.0
drip,round,v,n,10.0
friend,stop,n,v,10.0
asphalt,water,n,n,10.0
sit,tear,v,n,10.0
cafe,spiral,n,n,10.0
ad,bacon,n,n,10.0
green,phone,j,n,10.0
duck,outfit,n,n,10.0
coast,zebra,n,n,10.0
breakfast,makeup,n,n,10.0
purple,stripe,j,n,10.0
clothes,skyline,n,n,10.0
step,wind,n,n,10.0
portrait,rocket,n,n,10.0
break,glitter,n,v,10.0
construction,sailing,n,n,10.0
boy,gate,n,n,10.0
lens,storm,n,n,10.0
orange,school,j,n,10.0
shirt,show,n,n,10.0
gasoline,pepper,n,n,10.0
drug,sing,n,v,10.0
sticker,track,n,n,10.0
furniture,nature,n,n,10.0
play,rail,v,n,10.0
rusty,stand,j,v,10.0
military,wasp,j,n,10.0
port,squirrel,n,n,10.0
grape,rainbow,n,n,10.0
flood,neon,n,n,10.0
morning,tear,n,n,10.0
memorial,rope,n,n,10.0
bright,rusty,j,j,10.0
home,wet,n,j,10.0
feather,sunflower,n,n,10.0
house,stop,n,v,10.0
plant,skate,n,n,10.0
cocktail,dandelion,n,n,10.0
airport,foot,n,n,10.0
display,pond,n,n,10.0
alley,bloom,n,n,10.0
escalator,redhead,n,n,10.0
caterpillar,paint,n,v,10.0
bacon,wild,n,j,10.0
stand,tear,v,n,10.0
collar,tiger,n,n,10.0
car,hawk,n,n,10.0
burn,reading,v,n,10.0
cigarette,live,n,v,10.0
footprint,scooter,n,n,10.0
barn,mug,n,n,10.0
bacon,guy,n,n,10.0
keyboard,soldier,n,n,10.0
cute,sit,j,v,10.0
track,yellow,n,j,10.0
bag,dude,n,n,10.0
lady,stop,n,v,10.0
arrow,mural,n,n,10.0
jacket,stream,n,n,10.0
lab,rusty,n,j,10.0
jaguar,storm,n,n,10.0
dirty,smile,j,n,10.0
friend,rusty,n,j,10.0
morning,stop,n,v,10.0
cemetery,male,n,n,10.0
jump,stitch,n,n,10.0
friend,leave,n,v,10.0
family,hawk,n,n,10.0
monster,rock,n,n,10.0
feel,time,v,n,10.0
face,hang,n,v,10.0
pizza,railway,n,n,10.0
cross,shopping,n,n,10.0
guy,hang,n,v,10.0
craft,van,n,n,10.0
art,beer,n,n,9.0
beard,flamingo,n,n,9.0
monster,shell,n,n,9.0
bench,mask,n,n,9.0
club,river,n,n,9.0
boxer,child,n,n,9.0
fungus,leather,n,n,9.0
lick,stop,v,v,9.0
creature,reading,n,n,9.0
ivy,urban,n,j,9.0
bed,candy,n,n,9.0
feel,spiral,v,n,9.0
hockey,sign,n,v,9.0
daughter,pub,n,n,9.0
idea,rusty,n,j,9.0
lighting,man,n,n,9.0
dude,post,n,v,9.0
mill,puddle,n,n,9.0
santa,table,n,n,9.0
action,whisker,n,n,9.0
eat,web,v,n,9.0
hot,winter,j,n,9.0
dog,silver,n,n,9.0
lip,run,n,v,9.0
porch,pug,n,n,9.0
bird,pregnancy,n,n,9.0
camera,crow,n,n,9.0
eat,truck,v,n,9.0
lick,marble,v,n,9.0
rabbit,stop,n,v,9.0
paper,railway,n,n,9.0
poster,tank,n,n,9.0
clothes,transformer,n,n,9.0
smoking,sunny,n,j,9.0
cactus,leg,n,n,9.0
hold,theatre,v,n,9.0
arm,outdoor,n,j,9.0
lighting,panda,n,n,9.0
punk,toe,n,n,9.0
branch,protest,n,n,9.0
daughter,graphic,n,j,9.0
air,fruit,n,n,9.0
book,copper,n,n,9.0
night,sticker,n,n,9.0
explosion,table,n,n,9.0
snake,strawberry,n,n,9.0
dragon,drop,n,v,9.0
dog,sailing,n,n,9.0
burn,ripple,v,n,9.0
clock,pink,n,j,9.0
kitten,lingerie,n,n,9.0
abandon,frost,v,n,9.0
chicken,star,n,n,9.0
seed,stair,n,n,9.0
leave,night,v,n,9.0
small,valley,j,n,9.0
green,number,j,n,9.0
leave,morning,v,n,9.0
lock,mannequin,v,n,9.0
shade,whisker,n,n,9.0
collar,garbage,n,n,9.0
ink,organ,n,n,9.0
poppy,store,n,n,9.0
smoking,vine,n,n,9.0
flame,word,n,n,9.0
daffodil,frost,n,n,9.0
dancer,rusty,n,j,9.0
canal,coffee,n,n,9.0
camera,mallard,n,n,9.0
noodle,pigeon,n,n,9.0
couple,square,n,j,9.0
rainbow,whale,n,n,9.0
fly,keyboard,v,n,9.0
soup,view,n,n,9.0
goat,pebble,n,n,9.0
abandon,button,v,n,9.0
belly,dark,n,j,9.0
diamond,parade,n,n,9.0
horse,sweet,n,j,9.0
ancient,pod,j,n,9.0
banana,foot,n,n,9.0
shed,traffic,v,n,9.0
bucket,morning,n,n,9.0
bucket,duck,n,n,8.0
dessert,eye,n,n,8.0
cold,flag,j,n,8.0
skin,television,n,n,8.0
bedroom,feline,n,j,8.0
palm,traffic,n,n,8.0
necklace,snow,n,n,8.0
lick,origami,v,n,8.0
protest,tile,n,n,8.0
beetle,chocolate,n,n,8.0
monkey,pumpkin,n,n,8.0
cop,music,n,n,8.0
beard,sport,n,n,8.0
gasoline,summer,n,n,8.0
footprint,holiday,n,n,8.0
abandon,crane,v,n,8.0
car,pig,n,n,8.0
grave,santa,n,n,8.0
iron,splash,n,n,8.0
dirt,gymnastics,n,n,8.0
orange,wet,j,j,8.0
ceramic,ocean,j,n,8.0
vintage,zebra,j,n,8.0
hair,shore,n,n,8.0
lingerie,underground,n,j,8.0
marble,postcard,n,n,8.0
fish,leg,n,n,8.0
book,smoking,n,n,8.0
kiss,rusty,n,j,8.0
canal,number,n,n,8.0
kitchen,sleep,n,v,8.0
cherry,lamb,n,n,8.0
bag,cop,n,n,8.0
leaf,moon,n,n,8.0
dude,time,n,n,8.0
kitchen,outfit,n,n,8.0
garbage,jean,n,n,8.0
bedroom,downtown,n,j,8.0
grass,ski,n,n,8.0
day,hold,n,v,8.0
mug,vehicle,n,n,8.0
lighting,small,n,j,8.0
sea,sing,n,v,8.0
computer,farm,n,n,8.0
feline,pumpkin,j,n,8.0
jean,map,n,n,8.0
dirty,eagle,j,n,8.0
book,ceramic,n,j,8.0
van,vine,n,n,8.0
desert,roof,n,n,8.0
seagull,tag,n,n,8.0
jewelry,muscle,n,n,8.0
milk,outdoor,n,j,8.0
guy,rusty,n,j,8.0
chocolate,jellyfish,n,n,8.0
boxer,stair,n,n,8.0
jaguar,pier,n,n,7.0
nut,waterfall,n,n,7.0
bread,chair,n,n,7.0
goat,vinyl,n,n,7.0
kitten,rain,n,n,7.0
hang,smile,v,n,7.0
bikini,sculpture,n,n,7.0
bible,dirt,n,n,7.0
portrait,underground,n,j,7.0
clock,stripe,n,n,7.0
bud,floor,n,n,7.0
air,knit,n,v,7.0
idea,stop,n,v,7.0
haircut,stop,n,v,7.0
storm,sweet,n,j,7.0
auto,santa,n,n,7.0
marble,sing,n,v,7.0
drive,ear,n,n,7.0
bear,subway,v,n,7.0
pumpkin,road,n,n,7.0
makeup,race,n,n,7.0
wash,web,v,n,7.0
haircut,pyramid,n,n,7.0
blonde,rock,j,n,7.0
belly,field,n,n,7.0
mammal,yellow,n,j,7.0
paint,sing,v,v,7.0
cat,locomotive,n,n,7.0
dead,sidewalk,j,n,7.0
angel,pod,n,n,7.0
eat,underwater,v,j,7.0
makeup,square,n,j,7.0
cigarette,tile,n,n,7.0
museum,scratch,n,n,7.0
butterfly,stadium,n,n,7.0
graveyard,porch,n,n,7.0
flame,peacock,n,n,7.0
chopper,poppy,n,n,7.0
rusty,tear,j,n,7.0
bloom,friend,n,n,7.0
gun,jaguar,n,n,7.0
guy,stop,n,v,7.0
cloud,kitten,n,n,7.0
pillow,stone,n,n,7.0
stocking,tomato,n,n,7.0
frost,protest,n,n,7.0
sign,stocking,v,n,7.0
angel,asphalt,n,n,7.0
ski,skirt,n,n,7.0
cat,purple,n,j,7.0
diner,muscle,n,n,7.0
marble,sunglasses,n,n,7.0
berry,fly,n,v,7.0
chocolate,rock,n,n,7.0
airplane,guitar,n,n,7.0
bread,ocean,n,n,7.0
bay,chipmunk,n,n,7.0
tall,wool,j,n,7.0
restaurant,violet,n,n,7.0
drop,fun,v,n,7.0
purple,twig,j,n,7.0
cemetery,cone,n,n,7.0
face,stop,n,v,7.0
dude,stop,n,v,7.0
bicycle,handwriting,n,n,7.0
chapel,dusk,n,n,7.0
cute,twig,j,n,7.0
dragon,oak,n,n,7.0
drug,reflection,n,n,7.0
apple,relax,n,v,7.0
bakery,panorama,n,n,7.0
mallard,poster,n,n,7.0
snake,taxi,n,n,7.0
dessert,head,n,n,7.0
bear,hockey,v,n,7.0
puddle,red,n,j,7.0
brick,dress,n,n,7.0
building,zombie,n,n,7.0
neon,tank,n,n,7.0
bible,cottage,n,n,7.0
bath,panorama,n,n,7.0
automobile,fabric,n,n,7.0
gun,picture,n,n,7.0
cow,table,n,n,6.0
bear,construction,v,n,6.0
dye,kiss,n,n,6.0
baseball,bear,n,v,6.0
crab,grave,n,n,6.0
craft,soup,n,n,6.0
lock,misty,v,j,6.0
horse,interior,n,n,6.0
grass,stop,n,v,6.0
jellyfish,punk,n,n,6.0
parade,salad,n,n,6.0
reptile,vacation,n,n,6.0
clown,flood,n,n,6.0
aerial,violet,j,n,6.0
crab,ink,n,n,6.0
canyon,pizza,n,n,6.0
butterfly,leave,n,v,6.0
hamster,party,n,n,6.0
museum,swim,n,v,6.0
lego,rodent,n,n,6.0
branch,lego,n,n,6.0
game,husky,n,n,6.0
camel,highway,n,n,6.0
baseball,cheetah,n,n,6.0
stripe,weather,n,n,6.0
journal,squirrel,n,n,6.0
cake,rusty,n,j,6.0
bacon,view,n,n,6.0
dandelion,stand,n,v,6.0
cheetah,flame,n,n,6.0
abstract,vehicle,j,n,6.0
party,sink,n,v,6.0
floor,transformer,n,n,6.0
amphibian,berry,n,n,6.0
marble,monkey,n,n,6.0
jump,salad,n,n,6.0
subway,valentine,n,n,6.0
baseball,cactus,n,n,6.0
ancient,poster,j,n,6.0
grass,skull,n,n,6.0
cattle,web,n,n,6.0
drive,lego,n,n,6.0
fly,sexy,v,j,6.0
ink,tropical,n,j,6.0
pyramid,swimsuit,n,n,6.0
chess,sleep,n,v,6.0
bag,wild,n,j,6.0
chapel,whisker,n,n,6.0
chair,word,n,n,6.0
angel,construction,n,n,6.0
exhibition,soup,n,n,6.0
kitten,travel,n,n,6.0
swim,vehicle,v,n,6.0
costume,ocean,n,n,6.0
pigeon,reading,n,n,6.0
origami,stadium,n,n,6.0
animal,candy,n,n,6.0
happy,stop,j,v,5.0
insect,mom,n,n,5.0
canyon,piano,n,n,5.0
leather,swan,n,n,5.0
goose,outfit,n,n,5.0
sunglasses,weed,n,n,5.0
play,wine,v,n,5.0
monkey,restaurant,n,n,5.0
goose,locomotive,n,n,5.0
garage,mammal,n,n,5.0
drug,wolf,n,n,5.0
graveyard,pug,n,n,5.0
chair,ipod,n,n,5.0
rice,ticket,n,n,5.0
mammal,rope,n,n,5.0
hill,rust,n,n,5.0
paw,protest,n,n,5.0
petal,pug,n,n,5.0
interior,mushroom,n,n,5.0
chocolate,squirrel,n,n,5.0
mammal,write,n,v,5.0
reading,seagull,n,n,5.0
parking,photographer,n,n,5.0
tea,whisker,n,n,5.0
cactus,gasoline,n,n,5.0
kitchen,wedding,n,n,5.0
chocolate,wig,n,n,5.0
hang,mom,v,n,5.0
dragonfly,piano,n,n,5.0
leather,sunshine,n,n,5.0
handwriting,pig,n,n,5.0
brick,rabbit,n,n,5.0
burger,mountain,n,n,5.0
girl,morning,n,n,5.0
canal,silhouette,n,n,5.0
advertisement,pond,n,n,5.0
paw,theatre,n,n,5.0
raspberry,write,n,v,5.0
family,red,n,j,5.0
concrete,swan,j,n,5.0
bedroom,canyon,n,n,5.0
breakfast,staircase,n,n,5.0
flame,sidewalk,n,n,5.0
carrot,city,n,n,5.0
ipod,rope,n,n,5.0
lick,rusty,v,j,5.0
meat,pond,n,n,5.0
female,machine,j,n,5.0
live,makeup,v,n,5.0
piano,wolf,n,n,5.0
girl,wind,n,n,5.0
frog,subway,n,n,5.0
map,weed,n,n,5.0
bike,flame,n,n,5.0
dew,engine,n,n,5.0
cake,library,n,n,5.0
carnival,wool,n,n,5.0
bottle,library,n,n,5.0
eat,hair,v,n,5.0
dragon,furniture,n,n,5.0
skull,storm,n,n,5.0
rodent,smile,n,n,5.0
punk,skyscraper,n,n,5.0
gun,pizza,n,n,4.0
female,square,j,j,4.0
pub,snowman,n,n,4.0
meat,moon,n,n,4.0
potato,skating,n,n,4.0
dragonfly,wine,n,n,4.0
flight,whisker,n,n,4.0
boxer,lighthouse,n,n,4.0
fungus,wedding,n,n,4.0
lick,pier,v,n,4.0
mirror,raspberry,n,n,4.0
bike,hummingbird,n,n,4.0
key,misty,j,j,4.0
cafe,frog,n,n,4.0
soup,wool,n,n,4.0
carrot,memorial,n,n,4.0
lion,square,n,j,4.0
bucket,girl,n,n,4.0
feline,nut,j,n,4.0
gun,quote,n,n,4.0
furniture,pizza,n,n,4.0
goose,stencil,n,n,4.0
chicken,knit,n,v,4.0
abstract,frog,j,n,4.0
ceiling,mug,n,n,4.0
fish,rocket,n,n,4.0
flamingo,office,n,n,4.0
rabbit,sphere,n,n,4.0
ice,sheep,n,n,4.0
car,tongue,n,n,4.0
bracelet,mountain,n,n,4.0
cocktail,write,n,v,4.0
lego,weather,n,n,4.0
cigarette,skating,n,n,3.0
happy,rusty,j,j,3.0
tomato,whale,n,n,3.0
chess,cigarette,n,n,3.0
fish,theatre,n,n,3.0
donut,panda,n,n,3.0
hot,zombie,j,n,3.0
machine,pond,n,n,3.0
guitar,nude,n,j,3.0
giraffe,mist,n,n,3.0
bread,cliff,n,n,3.0
bible,misty,n,j,3.0
construction,violet,n,n,3.0
cheetah,soup,n,n,3.0
puppy,skyline,n,n,3.0
child,ford,n,n,3.0
cheetah,phone,n,n,3.0
explosion,stencil,n,n,3.0
carrot,design,n,n,2.0
jellyfish,rally,n,n,2.0
military,tomato,j,n,2.0
gun,stair,n,n,2.0
cafe,lizard,n,n,2.0
post,tulip,v,n,2.0
grave,hat,n,n,2.0
apple,cute,n,j,2.0
angel,gasoline,n,n,1.0
giraffe,harbor,n,n,1.0
feather,truck,n,n,1.0
festival,whisker,n,n,1.0
muscle,tulip,n,n,1.0
bikini,pizza,n,n,1.0
bakery,zebra,n,n,0.0
